StudyInstanceUID,target,score,label,status,evidence,raw_output
1.2.826.0.1.3680043.8.498.10095687747295410396510538520594649149,ACL,0.4,0.0,negative,Ligamentos cruzados y colaterales dentro de límites normales,"{
  ""status"": ""negative"",
  ""score"": 0.95,
  ""evidence"": ""Ligamentos cruzados y colaterales dentro de límites normales""
}"
1.2.826.0.1.3680043.8.498.10095687747295410396510538520594649149,MCL,0.4,0.0,negative,Ligamentos cruzados y colaterales dentro de límites normales,"{
  ""status"": ""negative"",
  ""score"": 0.95,
  ""evidence"": ""Ligamentos cruzados y colaterales dentro de límites normales""
}"
1.2.826.0.1.3680043.8.498.10095687747295410396510538520594649149,Medial Meniscus,0.4,0.0,negative,"Menisco medial de morfología y señal conservada, sin signos de rotura","{
  ""status"": ""negative"",
  ""score"": 0.95,
  ""evidence"": ""Menisco medial de morfología y señal conservada, sin signos de rotura""
}"
1.2.826.0.1.3680043.8.498.10095687747295410396510538520594649149,Lateral Meniscus,0.4,0.0,negative,"Amputación marginal del cuerpo del menisco lateral. Menisco medial de morfología y señal conservada, sin signos de rotura.","{
  ""status"": ""negative"",
  ""score"": 0.95,
  ""evidence"": ""Amputación marginal del cuerpo del menisco lateral. Menisco medial de morfología y señal conservada, sin signos de rotura.""
}"
1.2.826.0.1.3680043.8.498.10095687747295410396510538520594649149,Medial Femoral Condyle OA,0.4,0.0,negative,Cartílagos de los compartimentos femorotibiales sin alteraciones.,"{
  ""status"": ""negative"",
  ""score"": 0.95,
  ""evidence"": ""Cartílagos de los compartimentos femorotibiales sin alteraciones.""
}"
1.2.826.0.1.3680043.8.498.10095687747295410396510538520594649149,Lateral Femoral Condyle OA,0.4,0.0,negative,Cartílagos de los compartimentos femorotibiales sin alteraciones.,"{
  ""status"": ""negative"",
  ""score"": 0.95,
  ""evidence"": ""Cartílagos de los compartimentos femorotibiales sin alteraciones.""
}"
1.2.826.0.1.3680043.8.498.10095687747295410396510538520594649149,Patellofemoral OA,0.95,1.0,positive,Focal grade 4 chondropathy of the inferior aspect of the medial femoral trochlea,"{
  ""status"": ""positive"",
  ""score"": 0.95,
  ""evidence"": ""Focal grade 4 chondropathy of the inferior aspect of the medial femoral trochlea""
}"
1.2.826.0.1.3680043.8.498.10095687747295410396510538520594649149,Effusion,0.95,1.0,positive,Leve derrame articular,"{
  ""status"": ""positive"",
  ""score"": 0.95,
  ""evidence"": ""Leve derrame articular""
}"
1.2.826.0.1.3680043.8.498.10095687747295410396510538520594649149,Synovitis,0.4,0.0,negative,No hay alteraciones de señal significativas de la médula ósea. No hay quistes poplíteos patológicos. No hay alteraciones de señal de la grasa de Hoffa.,"{
  ""status"": ""negative"",
  ""score"": 0.95,
  ""evidence"": ""No hay alteraciones de señal significativas de la médula ósea. No hay quistes poplíteos patológicos. No hay alteraciones de señal de la grasa de Hoffa.""
}"
1.2.826.0.1.3680043.8.498.10095687747295410396510538520594649149,Baker's,0.4,0.0,negative,No hay quistes poplíteos patológicos.,"{
  ""status"": ""negative"",
  ""score"": 0.95,
  ""evidence"": ""No hay quistes poplíteos patológicos.""
}"
1.2.826.0.1.3680043.8.498.10095687747295410396510538520594649149,Contusion,0.4,0.0,negative,No hay alteraciones de señal significativas de la médula ósea.,"{
  ""status"": ""negative"",
  ""score"": 0.95,
  ""evidence"": ""No hay alteraciones de señal significativas de la médula ósea.""
}"
1.2.826.0.1.3680043.8.498.10095687747295410396510538520594649149,Fracture,0.4,0.0,negative,No hay alteraciones de señal significativas de la médula ósea.,"{
  ""status"": ""negative"",
  ""score"": 0.95,
  ""evidence"": ""No hay alteraciones de señal significativas de la médula ósea.""
}"
1.2.826.0.1.3680043.8.498.10170898615867673028696505248839028269,ACL,0.4,0.0,negative,ACL is intact,"{
  ""status"": ""negative"",
  ""score"": 0.95,
  ""evidence"": ""ACL is intact""
}"
1.2.826.0.1.3680043.8.498.10170898615867673028696505248839028269,MCL,0.4,0.0,negative,The MCL is intact,"{
  ""status"": ""negative"",
  ""score"": 0.95,
  ""evidence"": ""The MCL is intact""
}"
1.2.826.0.1.3680043.8.498.10170898615867673028696505248839028269,Medial Meniscus,0.4,0.0,negative,Medial meniscus is not torn,"{
  ""status"": ""negative"",
  ""score"": 0.95,
  ""evidence"": ""Medial meniscus is not torn""
}"
1.2.826.0.1.3680043.8.498.10170898615867673028696505248839028269,Lateral Meniscus,0.95,1.0,positive,Horizontal tear at anterior horn of the lateral meniscus is noted.,"{
  ""status"": ""positive"",
  ""score"": 0.95,
  ""evidence"": ""Horizontal tear at anterior horn of the lateral meniscus is noted.""
}"
1.2.826.0.1.3680043.8.498.10170898615867673028696505248839028269,Medial Femoral Condyle OA,0.4,0.0,negative,"The medial femoral condyle is not mentioned in the report. The report discusses pathology in the lateral femoral condyle and lateral patellar facet, but no findings are described for the medial femoral condyle.","{
  ""status"": ""negative"",
  ""score"": 0.95,
  ""evidence"": ""The medial femoral condyle is not mentioned in the report. The report discusses pathology in the lateral femoral condyle and lateral patellar facet, but no findings are described for the medial femoral condyle.""
}"
1.2.826.0.1.3680043.8.498.10170898615867673028696505248839028269,Lateral Femoral Condyle OA,0.4,0.0,negative,The report states 'normal knee joint alignment' and 'no focal chondrosis or chondral injury in the lateral femoral condyle' which directly supports the absence of lateral femoral condyle OA.,"{
  ""status"": ""negative"",
  ""score"": 0.95,
  ""evidence"": ""The report states 'normal knee joint alignment' and 'no focal chondrosis or chondral injury in the lateral femoral condyle' which directly supports the absence of lateral femoral condyle OA.""
}"
1.2.826.0.1.3680043.8.498.10170898615867673028696505248839028269,Patellofemoral OA,0.95,1.0,positive,"Full thickness cartilage defect, 1.2x1.5cm. at lateral trochlea with subchondral bone edema","{
  ""status"": ""positive"",
  ""score"": 0.95,
  ""evidence"": ""Full thickness cartilage defect, 1.2x1.5cm. at lateral trochlea with subchondral bone edema""
}"
1.2.826.0.1.3680043.8.498.10170898615867673028696505248839028269,Effusion,0.95,1.0,positive,"Moderate joint effusion, distended suprapatellar bursa with thickened synovial tissue are observed.","{
  ""status"": ""positive"",
  ""score"": 0.95,
  ""evidence"": ""Moderate joint effusion, distended suprapatellar bursa with thickened synovial tissue are observed.""
}"
1.2.826.0.1.3680043.8.498.10170898615867673028696505248839028269,Synovitis,0.95,1.0,positive,Chronic reactive synovitis,"{
  ""status"": ""positive"",
  ""score"": 0.95,
  ""evidence"": ""Chronic reactive synovitis""
}"
1.2.826.0.1.3680043.8.498.10170898615867673028696505248839028269,Baker's,0.4,0.0,negative,"The report does not mention a Baker cyst or popliteal cyst. The findings include joint effusion and synovitis, but these are not evidence of Baker's cyst.","{
  ""status"": ""negative"",
  ""score"": 0.95,
  ""evidence"": ""The report does not mention a Baker cyst or popliteal cyst. The findings include joint effusion and synovitis, but these are not evidence of Baker's cyst.""
}"
1.2.826.0.1.3680043.8.498.10170898615867673028696505248839028269,Contusion,0.4,0.0,negative,No fracture is seen.,"{
  ""status"": ""negative"",
  ""score"": 0.95,
  ""evidence"": ""No fracture is seen.""
}"
1.2.826.0.1.3680043.8.498.10170898615867673028696505248839028269,Fracture,0.4,0.0,negative,No fracture is seen,"{
  ""status"": ""negative"",
  ""score"": 0.95,
  ""evidence"": ""No fracture is seen""
}"
1.2.826.0.1.3680043.8.498.10306159113324811538703788080836752052,ACL,0.4,0.0,negative,Anterior cruciate ligament (ACL): Normal with both bundles intact.,"{
  ""status"": ""negative"",
  ""score"": 0.95,
  ""evidence"": ""Anterior cruciate ligament (ACL): Normal with both bundles intact.""
}"
1.2.826.0.1.3680043.8.498.10306159113324811538703788080836752052,MCL,0.4,0.0,negative,Medial collateral ligament (MCL): Normal.,"{
  ""status"": ""negative"",
  ""score"": 0.95,
  ""evidence"": ""Medial collateral ligament (MCL): Normal.""
}"
1.2.826.0.1.3680043.8.498.10306159113324811538703788080836752052,Medial Meniscus,0.95,1.0,positive,"Medial meniscus: Extensive complete tearing of the body, posterior horn, and posterior root medial meniscus with severe extrusion.","{
  ""status"": ""positive"",
  ""score"": 0.95,
  ""evidence"": ""Medial meniscus: Extensive complete tearing of the body, posterior horn, and posterior root medial meniscus with severe extrusion.""
}"
1.2.826.0.1.3680043.8.498.10306159113324811538703788080836752052,Lateral Meniscus,0.95,1.0,positive,Lateral meniscus: Degenerative signal throughout the lateral meniscus without surfacing tear.,"{
  ""status"": ""positive"",
  ""score"": 0.95,
  ""evidence"": ""Lateral meniscus: Degenerative signal throughout the lateral meniscus without surfacing tear.""
}"
1.2.826.0.1.3680043.8.498.10306159113324811538703788080836752052,Medial Femoral Condyle OA,0.95,1.0,positive,Medial compartment cartilage: Full thickness cartilage loss along the medial femoral condyle and medial tibial plateau with subchondral cystic change and marrow edema.,"{
  ""status"": ""positive"",
  ""score"": 0.95,
  ""evidence"": ""Medial compartment cartilage: Full thickness cartilage loss along the medial femoral condyle and medial tibial plateau with subchondral cystic change and marrow edema.""
}"
1.2.826.0.1.3680043.8.498.10306159113324811538703788080836752052,Lateral Femoral Condyle OA,0.95,1.0,positive,Lateral compartment cartilage: Mild cartilage heterogeneity and fissuring.,"{
  ""status"": ""positive"",
  ""score"": 0.95,
  ""evidence"": ""Lateral compartment cartilage: Mild cartilage heterogeneity and fissuring.""
}"
1.2.826.0.1.3680043.8.498.10306159113324811538703788080836752052,Patellofemoral OA,0.95,1.0,positive,Patellofemoral compartment cartilage: High-grade cartilage loss along the medial patellar facet. High grade cartilage loss at lateral trochlea.,"{
  ""status"": ""positive"",
  ""score"": 0.95,
  ""evidence"": ""Patellofemoral compartment cartilage: High-grade cartilage loss along the medial patellar facet. High grade cartilage loss at lateral trochlea.""
}"
1.2.826.0.1.3680043.8.498.10306159113324811538703788080836752052,Effusion,0.95,1.0,positive,Small joint effusion,"{
  ""status"": ""positive"",
  ""score"": 0.95,
  ""evidence"": ""Small joint effusion""
}"
1.2.826.0.1.3680043.8.498.10306159113324811538703788080836752052,Synovitis,0.4,0.0,negative,No synovitis,"{
  ""status"": ""negative"",
  ""score"": 0.95,
  ""evidence"": ""No synovitis""
}"
1.2.826.0.1.3680043.8.498.10306159113324811538703788080836752052,Baker's,0.4,0.0,negative,No Baker's cyst,"{
  ""status"": ""negative"",
  ""score"": 0.95,
  ""evidence"": ""No Baker's cyst""
}"
1.2.826.0.1.3680043.8.498.10306159113324811538703788080836752052,Contusion,0.4,0.0,negative,No acute fracture or bone bruise.,"{
  ""status"": ""negative"",
  ""score"": 0.95,
  ""evidence"": ""No acute fracture or bone bruise.""
}"
1.2.826.0.1.3680043.8.498.10306159113324811538703788080836752052,Fracture,0.4,0.0,negative,No acute fracture or bone bruise,"{
  ""status"": ""negative"",
  ""score"": 0.95,
  ""evidence"": ""No acute fracture or bone bruise""
}"
1.2.826.0.1.3680043.8.498.11287937729196958426538087439102017580,ACL,0.4,0.0,negative,"There is no increased intensity in the ACL, MCL and LCL, it appears to be normal","{
  ""status"": ""negative"",
  ""score"": 0.95,
  ""evidence"": ""There is no increased intensity in the ACL, MCL and LCL, it appears to be normal""
}"
1.2.826.0.1.3680043.8.498.11287937729196958426538087439102017580,MCL,0.4,0.0,negative,"There is no increased intensity in the ACL, MCL and LCL, it appears to be normal","{
  ""status"": ""negative"",
  ""score"": 0.95,
  ""evidence"": ""There is no increased intensity in the ACL, MCL and LCL, it appears to be normal""
}"
1.2.826.0.1.3680043.8.498.11287937729196958426538087439102017580,Medial Meniscus,0.4,0.0,negative,"There is no abnormal intensity or articular surface disrupt in the medial meniscus, It appears to be normal.","{
  ""status"": ""negative"",
  ""score"": 0.95,
  ""evidence"": ""There is no abnormal intensity or articular surface disrupt in the medial meniscus, It appears to be normal.""
}"
1.2.826.0.1.3680043.8.498.11287937729196958426538087439102017580,Lateral Meniscus,0.4,0.0,negative,"There is no abnormal intensity or articular surface disrupt in the medial meniscus, It appears to be normal.","{
  ""status"": ""negative"",
  ""score"": 0.95,
  ""evidence"": ""There is no abnormal intensity or articular surface disrupt in the medial meniscus, It appears to be normal.""
}"
1.2.826.0.1.3680043.8.498.11287937729196958426538087439102017580,Medial Femoral Condyle OA,0.4,0.0,negative,"There is no abnormal intensity or articular surface disrupt in the medial meniscus, It appears to be normal.","{
  ""status"": ""negative"",
  ""score"": 0.95,
  ""evidence"": ""There is no abnormal intensity or articular surface disrupt in the medial meniscus, It appears to be normal.""
}"
1.2.826.0.1.3680043.8.498.11287937729196958426538087439102017580,Lateral Femoral Condyle OA,0.4,0.0,negative,"There is no abnormal intensity or articular surface disrupt in the medial meniscus, It appears to be normal.","{
  ""status"": ""negative"",
  ""score"": 0.95,
  ""evidence"": ""There is no abnormal intensity or articular surface disrupt in the medial meniscus, It appears to be normal.""
}"
1.2.826.0.1.3680043.8.498.11287937729196958426538087439102017580,Patellofemoral OA,0.4,0.0,negative,"The report states 'no abnormal intensity or articular surface disrupt in the medial meniscus, It appears to be normal' and 'no increased intensity in the ACL, MCL and LCL, it appears to be normal', but does not mention any degenerative or cartilage pathology localized to the patella, trochlea, or patellofemoral compartment. The only mention of arthritis is in the context of 'knee arthritis with hoffitis noted', which refers to general knee arthritis and not specifically patellofemoral OA.","{
  ""status"": ""negative"",
  ""score"": 0.95,
  ""evidence"": ""The report states 'no abnormal intensity or articular surface disrupt in the medial meniscus, It appears to be normal' and 'no increased intensity in the ACL, MCL and LCL, it appears to be normal', but does not mention any degenerative or cartilage pathology localized to the patella, trochlea, or patellofemoral compartment. The only mention of arthritis is in the context of 'knee arthritis with hoffitis noted', which refers to general knee arthritis and not specifically patellofemoral OA.""
}"
1.2.826.0.1.3680043.8.498.11287937729196958426538087439102017580,Effusion,0.95,1.0,positive,Synovial membrane thickening in the knee joint with fluid accumulation and hoffa fat pad stranding,"{
  ""status"": ""positive"",
  ""score"": 0.95,
  ""evidence"": ""Synovial membrane thickening in the knee joint with fluid accumulation and hoffa fat pad stranding""
}"
1.2.826.0.1.3680043.8.498.11287937729196958426538087439102017580,Synovitis,0.95,1.0,positive,Synovial membrane thickening in the knee joint with fluid accumulation and hofa fat pad stranding,"{
  ""status"": ""positive"",
  ""score"": 0.95,
  ""evidence"": ""Synovial membrane thickening in the knee joint with fluid accumulation and hofa fat pad stranding""
}"
1.2.826.0.1.3680043.8.498.11287937729196958426538087439102017580,Baker's,0.4,0.0,negative,There is no mention of a Baker's cyst or popliteal cyst in the report.,"{
  ""status"": ""negative"",
  ""score"": 0.95,
  ""evidence"": ""There is no mention of a Baker's cyst or popliteal cyst in the report.""
}"
1.2.826.0.1.3680043.8.498.11287937729196958426538087439102017580,Contusion,0.4,0.0,negative,"There is no increased intensity in the ACL, MCL and LCL, it appears to be normal","{
  ""status"": ""negative"",
  ""score"": 0.95,
  ""evidence"": ""There is no increased intensity in the ACL, MCL and LCL, it appears to be normal""
}"
1.2.826.0.1.3680043.8.498.11287937729196958426538087439102017580,Fracture,0.4,0.0,negative,"There is no increased intensity in the ACL, MCL and LCL, it appears to be normal","{
  ""status"": ""negative"",
  ""score"": 0.95,
  ""evidence"": ""There is no increased intensity in the ACL, MCL and LCL, it appears to be normal""
}"
1.2.826.0.1.3680043.8.498.11382021393803389951964005983002209238,ACL,0.95,1.0,positive,"complete tear of the anterior cruciate ligament, at mid substance","{
  ""status"": ""positive"",
  ""score"": 0.95,
  ""evidence"": ""complete tear of the anterior cruciate ligament, at mid substance""
}"
1.2.826.0.1.3680043.8.498.11382021393803389951964005983002209238,MCL,0.4,0.0,negative,The medial and lateral collateral ligament complexes are intact.,"{
  ""status"": ""negative"",
  ""score"": 0.95,
  ""evidence"": ""The medial and lateral collateral ligament complexes are intact.""
}"
1.2.826.0.1.3680043.8.498.11382021393803389951964005983002209238,Medial Meniscus,0.95,1.0,positive,"In the medial compartment, there is longitudinal vertical tear at the body and posterior horn of the medial meniscus","{
  ""status"": ""positive"",
  ""score"": 0.95,
  ""evidence"": ""In the medial compartment, there is longitudinal vertical tear at the body and posterior horn of the medial meniscus""
}"
1.2.826.0.1.3680043.8.498.11382021393803389951964005983002209238,Lateral Meniscus,0.4,0.0,negative,"The lateral compartment, the meniscus is not torn and there is no focal chondrosis or chondral injury.","{
  ""status"": ""negative"",
  ""score"": 0.95,
  ""evidence"": ""The lateral compartment, the meniscus is not torn and there is no focal chondrosis or chondral injury.""
}"
1.2.826.0.1.3680043.8.498.11382021393803389951964005983002209238,Medial Femoral Condyle OA,0.4,0.0,negative,There is no focal chondrosis or chondral injury in the medial compartment.,"{
  ""status"": ""negative"",
  ""score"": 0.95,
  ""evidence"": ""There is no focal chondrosis or chondral injury in the medial compartment.""
}"
1.2.826.0.1.3680043.8.498.11382021393803389951964005983002209238,Lateral Femoral Condyle OA,0.4,0.0,negative,There is no focal chondrosis or chondral injury in the lateral compartment.,"{
  ""status"": ""negative"",
  ""score"": 0.95,
  ""evidence"": ""There is no focal chondrosis or chondral injury in the lateral compartment.""
}"
1.2.826.0.1.3680043.8.498.11382021393803389951964005983002209238,Patellofemoral OA,0.4,0.0,negative,The patellar and trochlear cartilage appears congruent without chondral lesion.,"{
  ""status"": ""negative"",
  ""score"": 0.95,
  ""evidence"": ""The patellar and trochlear cartilage appears congruent without chondral lesion.""
}"
1.2.826.0.1.3680043.8.498.11382021393803389951964005983002209238,Effusion,0.4,0.0,negative,No knee effusion is present,"{
  ""status"": ""negative"",
  ""score"": 0.95,
  ""evidence"": ""No knee effusion is present""
}"
1.2.826.0.1.3680043.8.498.11382021393803389951964005983002209238,Synovitis,0.4,0.0,negative,No knee effusion is present,"{
  ""status"": ""negative"",
  ""score"": 0.95,
  ""evidence"": ""No knee effusion is present""
}"
1.2.826.0.1.3680043.8.498.11382021393803389951964005983002209238,Baker's,0.4,0.0,negative,No knee effusion is present. There is no fracture or bone contusion.,"{
  ""status"": ""negative"",
  ""score"": 0.95,
  ""evidence"": ""No knee effusion is present. There is no fracture or bone contusion.""
}"
1.2.826.0.1.3680043.8.498.11382021393803389951964005983002209238,Contusion,0.4,0.0,negative,There is no fracture or bone contusion.,"{
  ""status"": ""negative"",
  ""score"": 0.95,
  ""evidence"": ""There is no fracture or bone contusion.""
}"
1.2.826.0.1.3680043.8.498.11382021393803389951964005983002209238,Fracture,0.4,0.0,negative,There is no fracture or bone contusion.,"{
  ""status"": ""negative"",
  ""score"": 0.95,
  ""evidence"": ""There is no fracture or bone contusion.""
}"
1.2.826.0.1.3680043.8.498.11548045715264151632153040089882701935,ACL,0.95,1.0,positive,"Interstitial tear of the anterior cruciate ligament, at mid substance","{
  ""status"": ""positive"",
  ""score"": 0.95,
  ""evidence"": ""Interstitial tear of the anterior cruciate ligament, at mid substance""
}"
1.2.826.0.1.3680043.8.498.11548045715264151632153040089882701935,MCL,0.4,0.0,negative,The medial collateral ligament complexes are intact.,"{
  ""status"": ""negative"",
  ""score"": 0.95,
  ""evidence"": ""The medial collateral ligament complexes are intact.""
}"
1.2.826.0.1.3680043.8.498.11548045715264151632153040089882701935,Medial Meniscus,0.4,0.0,negative,"In the medial compartment, the meniscus is not torn and there is no focal chondrosis or chondral injury.","{
  ""status"": ""negative"",
  ""score"": 0.95,
  ""evidence"": ""In the medial compartment, the meniscus is not torn and there is no focal chondrosis or chondral injury.""
}"
1.2.826.0.1.3680043.8.498.11548045715264151632153040089882701935,Lateral Meniscus,0.95,1.0,positive,complex tear (main radial and longitudinal vertical component) at the posterior horn of the lateral meniscus,"{
  ""status"": ""positive"",
  ""score"": 0.95,
  ""evidence"": ""complex tear (main radial and longitudinal vertical component) at the posterior horn of the lateral meniscus""
}"
1.2.826.0.1.3680043.8.498.11548045715264151632153040089882701935,Medial Femoral Condyle OA,0.4,0.0,negative,"In the medial compartment, the meniscus is not torn and there is no focal chondrosis or chondral injury.","{
  ""status"": ""negative"",
  ""score"": 0.95,
  ""evidence"": ""In the medial compartment, the meniscus is not torn and there is no focal chondrosis or chondral injury.""
}"
1.2.826.0.1.3680043.8.498.11548045715264151632153040089882701935,Lateral Femoral Condyle OA,0.4,0.0,negative,There is no focal chondrosis or chondral injury in the lateral compartment.,"{
  ""status"": ""negative"",
  ""score"": 0.95,
  ""evidence"": ""There is no focal chondrosis or chondral injury in the lateral compartment.""
}"
1.2.826.0.1.3680043.8.498.11548045715264151632153040089882701935,Patellofemoral OA,0.4,0.0,negative,The patellar and trochlear cartilage appears congruent without chondral lesion.,"{
  ""status"": ""negative"",
  ""score"": 0.95,
  ""evidence"": ""The patellar and trochlear cartilage appears congruent without chondral lesion.""
}"
1.2.826.0.1.3680043.8.498.11548045715264151632153040089882701935,Effusion,0.95,1.0,positive,Some amount of right knee effusion with hemarthrosis is present.,"{
  ""status"": ""positive"",
  ""score"": 0.95,
  ""evidence"": ""Some amount of right knee effusion with hemarthrosis is present.""
}"
1.2.826.0.1.3680043.8.498.11548045715264151632153040089882701935,Synovitis,0.4,0.0,negative,"There is no synovitis. The report mentions 'some amount of right knee effusion with hemarthrosis' but does not describe synovial inflammation, synovial hypertrophy, or any other direct equivalent of synovitis.","{
  ""status"": ""negative"",
  ""score"": 0.95,
  ""evidence"": ""There is no synovitis. The report mentions 'some amount of right knee effusion with hemarthrosis' but does not describe synovial inflammation, synovial hypertrophy, or any other direct equivalent of synovitis.""
}"
1.2.826.0.1.3680043.8.498.11548045715264151632153040089882701935,Baker's,0.4,0.0,negative,There is no Baker's cyst / popliteal cyst explicitly described in the report.,"{
  ""status"": ""negative"",
  ""score"": 0.95,
  ""evidence"": ""There is no Baker's cyst / popliteal cyst explicitly described in the report.""
}"
1.2.826.0.1.3680043.8.498.11548045715264151632153040089882701935,Contusion,0.95,1.0,positive,popliteus muscle contusion,"{
  ""status"": ""positive"",
  ""score"": 0.95,
  ""evidence"": ""popliteus muscle contusion""
}"
1.2.826.0.1.3680043.8.498.11548045715264151632153040089882701935,Fracture,0.4,0.0,negative,There is no fracture or bone contusion.,"{
  ""status"": ""negative"",
  ""score"": 0.95,
  ""evidence"": ""There is no fracture or bone contusion.""
}"
1.2.826.0.1.3680043.8.498.11557620559191469069130827959098335840,ACL,0.95,1.0,positive,Rotura espesor y ancho total del LCA,"{
  ""status"": ""positive"",
  ""score"": 0.95,
  ""evidence"": ""Rotura espesor y ancho total del LCA""
}"
1.2.826.0.1.3680043.8.498.11557620559191469069130827959098335840,MCL,0.4,0.0,negative,LCP y ligamentos colaterales sin alteraciones significativas,"{
  ""status"": ""negative"",
  ""score"": 0.95,
  ""evidence"": ""LCP y ligamentos colaterales sin alteraciones significativas""
}"
1.2.826.0.1.3680043.8.498.11557620559191469069130827959098335840,Medial Meniscus,0.4,0.0,negative,"Aumento de señal central del cuerno posterior y cuerpo del menisco medial que no impresiona contactar con la superficie articular, sin caracteres propios de rotura.","{
  ""status"": ""negative"",
  ""score"": 0.95,
  ""evidence"": ""Aumento de señal central del cuerno posterior y cuerpo del menisco medial que no impresiona contactar con la superficie articular, sin caracteres propios de rotura.""
}"
1.2.826.0.1.3680043.8.498.11557620559191469069130827959098335840,Lateral Meniscus,0.95,1.0,positive,Menisco lateral con pequeña rotura radial incompleta de la unión del cuerno posterior con el cuerpo,"{
  ""status"": ""positive"",
  ""score"": 0.95,
  ""evidence"": ""Menisco lateral con pequeña rotura radial incompleta de la unión del cuerno posterior con el cuerpo""
}"
1.2.826.0.1.3680043.8.498.11557620559191469069130827959098335840,Medial Femoral Condyle OA,0.4,0.0,negative,The report states 'El resto de los cartílagos femorotibiales y patelofemorales sin alteraciones.' which directly indicates no pathology in the medial femoral condyle or other femorotibial compartments.,"{
  ""status"": ""negative"",
  ""score"": 0.95,
  ""evidence"": ""The report states 'El resto de los cartílagos femorotibiales y patelofemorales sin alteraciones.' which directly indicates no pathology in the medial femoral condyle or other femorotibial compartments.""
}"
1.2.826.0.1.3680043.8.498.11557620559191469069130827959098335840,Lateral Femoral Condyle OA,0.95,1.0,positive,Úlcera condral de espesor total de la zona de carga del cóndilo femoral lateral que mide aproximadamente 6 x 5 mm en sus ejes mediolateral y anteroposterior,"{
  ""status"": ""positive"",
  ""score"": 0.95,
  ""evidence"": ""Úlcera condral de espesor total de la zona de carga del cóndilo femoral lateral que mide aproximadamente 6 x 5 mm en sus ejes mediolateral y anteroposterior""
}"
1.2.826.0.1.3680043.8.498.11557620559191469069130827959098335840,Patellofemoral OA,0.95,1.0,positive,Úlcera condral de espesor total de la zona de carga del cóndilo femoral lateral,"{
  ""status"": ""positive"",
  ""score"": 0.95,
  ""evidence"": ""Úlcera condral de espesor total de la zona de carga del cóndilo femoral lateral""
}"
1.2.826.0.1.3680043.8.498.11557620559191469069130827959098335840,Effusion,0.95,1.0,positive,"Leve a moderado derrame articular, probablemente hemartrosis","{
  ""status"": ""positive"",
  ""score"": 0.95,
  ""evidence"": ""Leve a moderado derrame articular, probablemente hemartrosis""
}"
1.2.826.0.1.3680043.8.498.11557620559191469069130827959098335840,Synovitis,0.4,0.0,negative,"Leve a moderado derrame articular, probablemente hemartrosis","{
  ""status"": ""negative"",
  ""score"": 0.95,
  ""evidence"": ""Leve a moderado derrame articular, probablemente hemartrosis""
}"
1.2.826.0.1.3680043.8.498.11557620559191469069130827959098335840,Baker's,0.4,0.0,negative,Leve cantidad de liquido intermuscular en la región poplítea,"{
  ""status"": ""negative"",
  ""score"": 0.95,
  ""evidence"": ""Leve cantidad de liquido intermuscular en la región poplítea""
}"
1.2.826.0.1.3680043.8.498.11557620559191469069130827959098335840,Contusion,0.4,0.0,negative,Target-specific evidence is not mentioned in the report.,"{
  ""status"": ""negative"",
  ""score"": 0.95,
  ""evidence"": ""Target-specific evidence is not mentioned in the report.""
}"
1.2.826.0.1.3680043.8.498.11557620559191469069130827959098335840,Fracture,0.4,0.0,negative,The report states 'LCP y ligamentos colaterales sin alteraciones significativas' which indicates the ligaments are normal and there is no evidence of fracture.,"{
  ""status"": ""negative"",
  ""score"": 0.95,
  ""evidence"": ""The report states 'LCP y ligamentos colaterales sin alteraciones significativas' which indicates the ligaments are normal and there is no evidence of fracture.""
}"
1.2.826.0.1.3680043.8.498.11771393824519892797114773408583976756,ACL,0.75,1.0,positive,"Interstial hyperintense signal of ACL, in favor of grade 1 injury","{
  ""status"": ""positive"",
  ""score"": 0.75,
  ""evidence"": ""Interstial hyperintense signal of ACL, in favor of grade 1 injury""
}"
1.2.826.0.1.3680043.8.498.11771393824519892797114773408583976756,MCL,0.95,1.0,positive,Suspect grade 2 injury of MCL with adjacent soft tissue edema over anteromedial aspect of right knee.,"{
  ""status"": ""positive"",
  ""score"": 0.95,
  ""evidence"": ""Suspect grade 2 injury of MCL with adjacent soft tissue edema over anteromedial aspect of right knee.""
}"
1.2.826.0.1.3680043.8.498.11771393824519892797114773408583976756,Medial Meniscus,0.4,0.0,negative,No evidence of tear noted in either medial or lateral meniscus in this study.,"{
  ""status"": ""negative"",
  ""score"": 0.95,
  ""evidence"": ""No evidence of tear noted in either medial or lateral meniscus in this study.""
}"
1.2.826.0.1.3680043.8.498.11771393824519892797114773408583976756,Lateral Meniscus,0.4,0.0,negative,No evidence of tear noted in either medial or lateral meniscus in this study.,"{
  ""status"": ""negative"",
  ""score"": 0.95,
  ""evidence"": ""No evidence of tear noted in either medial or lateral meniscus in this study.""
}"
1.2.826.0.1.3680043.8.498.11771393824519892797114773408583976756,Medial Femoral Condyle OA,0.4,0.0,negative,No evidence of tear noted in either medial or lateral meniscus in this study.,"{
  ""status"": ""negative"",
  ""score"": 0.95,
  ""evidence"": ""No evidence of tear noted in either medial or lateral meniscus in this study.""
}"
1.2.826.0.1.3680043.8.498.11771393824519892797114773408583976756,Lateral Femoral Condyle OA,0.4,0.0,negative,No evidence of tear noted in either medial or lateral meniscus in this study.,"{
  ""status"": ""negative"",
  ""score"": 0.95,
  ""evidence"": ""No evidence of tear noted in either medial or lateral meniscus in this study.""
}"
1.2.826.0.1.3680043.8.498.11771393824519892797114773408583976756,Patellofemoral OA,0.4,0.0,negative,"The report states 'no evidence of tear noted in either medial or lateral meniscus in this study' and 'quadriceps and patellar tendons appear to be within normal' without mentioning any degenerative or cartilage pathology in the patella, trochlea, or patellofemoral compartment.","{
  ""status"": ""negative"",
  ""score"": 0.95,
  ""evidence"": ""The report states 'no evidence of tear noted in either medial or lateral meniscus in this study' and 'quadriceps and patellar tendons appear to be within normal' without mentioning any degenerative or cartilage pathology in the patella, trochlea, or patellofemoral compartment.""
}"
1.2.826.0.1.3680043.8.498.11771393824519892797114773408583976756,Effusion,0.95,1.0,positive,Some joint effusion of right knee,"{
  ""status"": ""positive"",
  ""score"": 0.95,
  ""evidence"": ""Some joint effusion of right knee""
}"
1.2.826.0.1.3680043.8.498.11771393824519892797114773408583976756,Synovitis,0.95,1.0,positive,"Some joint effusion of right knee with mild hypertrophy of the synovium, indicative of synovitis.","{
  ""status"": ""positive"",
  ""score"": 0.95,
  ""evidence"": ""Some joint effusion of right knee with mild hypertrophy of the synovium, indicative of synovitis.""
}"
1.2.826.0.1.3680043.8.498.11771393824519892797114773408583976756,Baker's,0.4,0.0,negative,No evidence of tear noted in either medial or lateral meniscus in this study.,"{
  ""status"": ""negative"",
  ""score"": 0.95,
  ""evidence"": ""No evidence of tear noted in either medial or lateral meniscus in this study.""
}"
1.2.826.0.1.3680043.8.498.11771393824519892797114773408583976756,Contusion,0.95,1.0,positive,"Bone marrow edema in bilateral femoral condyles and anteromedial and posterolateral aspect of proximal tibia, suspect bone contusion.","{
  ""status"": ""positive"",
  ""score"": 0.95,
  ""evidence"": ""Bone marrow edema in bilateral femoral condyles and anteromedial and posterolateral aspect of proximal tibia, suspect bone contusion.""
}"
1.2.826.0.1.3680043.8.498.11771393824519892797114773408583976756,Fracture,0.4,0.0,negative,"The report states 'The contour of ACL & PCL appear to be within normal' and 'No evidence of tear noted in either medial or lateral meniscus in this study.' Additionally, 'no fracture' is not explicitly mentioned, but 'no evidence of tear' for meniscus and ligaments is noted. The report does not mention any fracture, and all ligaments and menisci are described as intact or normal.","{
  ""status"": ""negative"",
  ""score"": 0.95,
  ""evidence"": ""The report states 'The contour of ACL & PCL appear to be within normal' and 'No evidence of tear noted in either medial or lateral meniscus in this study.' Additionally, 'no fracture' is not explicitly mentioned, but 'no evidence of tear' for meniscus and ligaments is noted. The report does not mention any fracture, and all ligaments and menisci are described as intact or normal.""
}"
1.2.826.0.1.3680043.8.498.11851412923016044948101698015974810604,ACL,0.4,0.0,negative,Anterior cruciate ligament (ACL): Normal with both bundles intact.,"{
  ""status"": ""negative"",
  ""score"": 0.95,
  ""evidence"": ""Anterior cruciate ligament (ACL): Normal with both bundles intact.""
}"
1.2.826.0.1.3680043.8.498.11851412923016044948101698015974810604,MCL,0.4,0.0,negative,Medial collateral ligament (MCL): Normal.,"{
  ""status"": ""negative"",
  ""score"": 0.95,
  ""evidence"": ""Medial collateral ligament (MCL): Normal.""
}"
1.2.826.0.1.3680043.8.498.11851412923016044948101698015974810604,Medial Meniscus,0.95,1.0,positive,Medial meniscus: Complete radial tear of the posterior root of medial meniscus with mild extrusion.,"{
  ""status"": ""positive"",
  ""score"": 0.95,
  ""evidence"": ""Medial meniscus: Complete radial tear of the posterior root of medial meniscus with mild extrusion.""
}"
1.2.826.0.1.3680043.8.498.11851412923016044948101698015974810604,Lateral Meniscus,0.95,1.0,positive,Lateral meniscus: Partial inner margin radial tear at the anterior horn/body junction of the lateral meniscus without extrusion.,"{
  ""status"": ""positive"",
  ""score"": 0.95,
  ""evidence"": ""Lateral meniscus: Partial inner margin radial tear at the anterior horn/body junction of the lateral meniscus without extrusion.""
}"
1.2.826.0.1.3680043.8.498.11851412923016044948101698015974810604,Medial Femoral Condyle OA,0.85,1.0,positive,High-grade cartilage fissuring along the posterior weightbearing medial femoral condyle,"{
  ""status"": ""positive"",
  ""score"": 0.85,
  ""evidence"": ""High-grade cartilage fissuring along the posterior weightbearing medial femoral condyle""
}"
1.2.826.0.1.3680043.8.498.11851412923016044948101698015974810604,Lateral Femoral Condyle OA,0.75,1.0,positive,Lateral compartment cartilage: Low-grade cartilage fissuring spanning the weightbearing lateral femoral condyle.,"{
  ""status"": ""positive"",
  ""score"": 0.75,
  ""evidence"": ""Lateral compartment cartilage: Low-grade cartilage fissuring spanning the weightbearing lateral femoral condyle.""
}"
1.2.826.0.1.3680043.8.498.11851412923016044948101698015974810604,Patellofemoral OA,0.75,1.0,positive,Patellofemoral compartment cartilage: Low-grade cartilage fissuring along the central trochlea. Mild cartilage thinning along the medial patellar facet with mild subchondral cystic change.,"{
  ""status"": ""positive"",
  ""score"": 0.75,
  ""evidence"": ""Patellofemoral compartment cartilage: Low-grade cartilage fissuring along the central trochlea. Mild cartilage thinning along the medial patellar facet with mild subchondral cystic change.""
}"
1.2.826.0.1.3680043.8.498.11851412923016044948101698015974810604,Effusion,0.95,1.0,positive,Small joint effusion,"{
  ""status"": ""positive"",
  ""score"": 0.95,
  ""evidence"": ""Small joint effusion""
}"
1.2.826.0.1.3680043.8.498.11851412923016044948101698015974810604,Synovitis,0.4,0.0,negative,No synovitis is mentioned in the report.,"{
  ""status"": ""negative"",
  ""score"": 0.95,
  ""evidence"": ""No synovitis is mentioned in the report.""
}"
1.2.826.0.1.3680043.8.498.11851412923016044948101698015974810604,Baker's,0.95,1.0,positive,Trace Baker's cyst,"{
  ""status"": ""positive"",
  ""score"": 0.95,
  ""evidence"": ""Trace Baker's cyst""
}"
1.2.826.0.1.3680043.8.498.11851412923016044948101698015974810604,Contusion,0.4,0.0,negative,"No bone contusion or osseous contusion is mentioned in the report. The report describes subchondral insufficiency fracture, but this is not equivalent to bone contusion. The report also states that all osseous structures are normal without aggressive osseous lesions or infiltrative marrow process.","{
  ""status"": ""negative"",
  ""score"": 0.95,
  ""evidence"": ""No bone contusion or osseous contusion is mentioned in the report. The report describes subchondral insufficiency fracture, but this is not equivalent to bone contusion. The report also states that all osseous structures are normal without aggressive osseous lesions or infiltrative marrow process.""
}"
1.2.826.0.1.3680043.8.498.11851412923016044948101698015974810604,Fracture,0.95,1.0,positive,Subchondral insufficiency fracture at the medial margin of the medial tibial plateau,"{
  ""status"": ""positive"",
  ""score"": 0.95,
  ""evidence"": ""Subchondral insufficiency fracture at the medial margin of the medial tibial plateau""
}"
1.2.826.0.1.3680043.8.498.11915937982684988073644209606907169581,ACL,0.75,1.0,positive,"Mild thickening of the proximal fibers of the medial cruciate ligament, with mild edema, compatible with grade 1 sprain. No frank tear.","{
  ""status"": ""positive"",
  ""score"": 0.75,
  ""evidence"": ""Mild thickening of the proximal fibers of the medial cruciate ligament, with mild edema, compatible with grade 1 sprain. No frank tear.""
}"
1.2.826.0.1.3680043.8.498.11915937982684988073644209606907169581,MCL,0.75,1.0,positive,"Mild thickening of the proximal fibers of the medial cruciate ligament, with mild edema, compatible with grade 1 sprain. No frank tear.","{
  ""status"": ""positive"",
  ""score"": 0.75,
  ""evidence"": ""Mild thickening of the proximal fibers of the medial cruciate ligament, with mild edema, compatible with grade 1 sprain. No frank tear.""
}"
1.2.826.0.1.3680043.8.498.11915937982684988073644209606907169581,Medial Meniscus,0.4,0.0,negative,No frank tear of the medial meniscus,"{
  ""status"": ""negative"",
  ""score"": 0.95,
  ""evidence"": ""No frank tear of the medial meniscus""
}"
1.2.826.0.1.3680043.8.498.11915937982684988073644209606907169581,Lateral Meniscus,0.95,1.0,positive,"There is a complex degenerative tear of the lateral meniscus with partial maceration of the anterior horn and anterior body, as well as a longitudinal oblique component involving the posterior horn.","{
  ""status"": ""positive"",
  ""score"": 0.95,
  ""evidence"": ""There is a complex degenerative tear of the lateral meniscus with partial maceration of the anterior horn and anterior body, as well as a longitudinal oblique component involving the posterior horn.""
}"
1.2.826.0.1.3680043.8.498.11915937982684988073644209606907169581,Medial Femoral Condyle OA,0.4,0.0,negative,Moderate thinning of the articular cartilage of the weightbearing femur and tibia.,"{
  ""status"": ""negative"",
  ""score"": 0.95,
  ""evidence"": ""Moderate thinning of the articular cartilage of the weightbearing femur and tibia.""
}"
1.2.826.0.1.3680043.8.498.11915937982684988073644209606907169581,Lateral Femoral Condyle OA,0.85,1.0,positive,Moderate thinning of the articular cartilage of the weightbearing femur and of the tibial plateau.,"{
  ""status"": ""positive"",
  ""score"": 0.85,
  ""evidence"": ""Moderate thinning of the articular cartilage of the weightbearing femur and of the tibial plateau.""
}"
1.2.826.0.1.3680043.8.498.11915937982684988073644209606907169581,Patellofemoral OA,0.85,1.0,positive,"Moderate thinning of the articular cartilage of the weightbearing femur and tibial plateau. Additionally, there is moderate thinning of the articular cartilage of the femoral trochlea without subchondral bone marrow edema. Multifocal deep and delaminating fissuring of the articular cartilage of the patellar facet without associated subchondral bone marrow edema.","{
  ""status"": ""positive"",
  ""score"": 0.85,
  ""evidence"": ""Moderate thinning of the articular cartilage of the weightbearing femur and tibial plateau. Additionally, there is moderate thinning of the articular cartilage of the femoral trochlea without subchondral bone marrow edema. Multifocal deep and delaminating fissuring of the articular cartilage of the patellar facet without associated subchondral bone marrow edema.""
}"
1.2.826.0.1.3680043.8.498.11915937982684988073644209606907169581,Effusion,0.95,1.0,positive,Small joint effusion with synovial thickening compatible with synovitis,"{
  ""status"": ""positive"",
  ""score"": 0.95,
  ""evidence"": ""Small joint effusion with synovial thickening compatible with synovitis""
}"
1.2.826.0.1.3680043.8.498.11915937982684988073644209606907169581,Synovitis,0.95,1.0,positive,Small joint effusion with synovial thickening compatible with synovitis,"{
  ""status"": ""positive"",
  ""score"": 0.95,
  ""evidence"": ""Small joint effusion with synovial thickening compatible with synovitis""
}"
1.2.826.0.1.3680043.8.498.11915937982684988073644209606907169581,Baker's,0.95,1.0,positive,There is popliteal cyst measuring 21 x 17 x 35 mm.,"{
  ""status"": ""positive"",
  ""score"": 0.95,
  ""evidence"": ""There is popliteal cyst measuring 21 x 17 x 35 mm.""
}"
1.2.826.0.1.3680043.8.498.11915937982684988073644209606907169581,Contusion,0.4,0.0,negative,Bones: Normal.,"{
  ""status"": ""negative"",
  ""score"": 0.95,
  ""evidence"": ""Bones: Normal.""
}"
1.2.826.0.1.3680043.8.498.11915937982684988073644209606907169581,Fracture,0.4,0.0,negative,Bones: Normal.,"{
  ""status"": ""negative"",
  ""score"": 0.95,
  ""evidence"": ""Bones: Normal.""
}"
1.2.826.0.1.3680043.8.498.12448079646359892252441208258836556945,ACL,0.4,0.0,negative,Fricción de la banda iliotibial,"{
  ""status"": ""negative"",
  ""score"": 0.95,
  ""evidence"": ""Fricción de la banda iliotibial""
}"
1.2.826.0.1.3680043.8.498.12448079646359892252441208258836556945,MCL,0.4,0.0,negative,Fricción de la banda iliotibial,"{
  ""status"": ""negative"",
  ""score"": 0.95,
  ""evidence"": ""Fricción de la banda iliotibial""
}"
1.2.826.0.1.3680043.8.498.12448079646359892252441208258836556945,Medial Meniscus,0.4,0.0,negative,Target-specific evidence is not mentioned in the report.,"{
  ""status"": ""negative"",
  ""score"": 0.95,
  ""evidence"": ""Target-specific evidence is not mentioned in the report.""
}"
1.2.826.0.1.3680043.8.498.12448079646359892252441208258836556945,Lateral Meniscus,0.4,0.0,negative,Target-specific evidence is not mentioned in the report.,"{
  ""status"": ""negative"",
  ""score"": 0.95,
  ""evidence"": ""Target-specific evidence is not mentioned in the report.""
}"
1.2.826.0.1.3680043.8.498.12448079646359892252441208258836556945,Medial Femoral Condyle OA,0.4,0.0,negative,Condropatía rotuliana,"{
  ""status"": ""negative"",
  ""score"": 0.95,
  ""evidence"": ""Condropatía rotuliana""
}"
1.2.826.0.1.3680043.8.498.12448079646359892252441208258836556945,Lateral Femoral Condyle OA,0.4,0.0,negative,Condropatía rotuliana,"{
  ""status"": ""negative"",
  ""score"": 0.95,
  ""evidence"": ""Condropatía rotuliana""
}"
1.2.826.0.1.3680043.8.498.12448079646359892252441208258836556945,Patellofemoral OA,0.95,1.0,positive,Condropatía rotuliana,"{
  ""status"": ""positive"",
  ""score"": 0.95,
  ""evidence"": ""Condropatía rotuliana""
}"
1.2.826.0.1.3680043.8.498.12448079646359892252441208258836556945,Effusion,0.95,1.0,positive,Fricción de la banda iliotibial. Síndrome de pinzamiento de la almohadilla grasa de Hoffa. Condropatía rotuliana.,"{
  ""status"": ""positive"",
  ""score"": 0.95,
  ""evidence"": ""Fricción de la banda iliotibial. Síndrome de pinzamiento de la almohadilla grasa de Hoffa. Condropatía rotuliana.""
}"
1.2.826.0.1.3680043.8.498.12448079646359892252441208258836556945,Synovitis,0.4,0.0,negative,"The report does not mention synovitis. It discusses friction of the iliotibial band, Hoffa's fat pad impingement, and patellar chondropathy, but no synovitis is explicitly described.","{
  ""status"": ""negative"",
  ""score"": 0.95,
  ""evidence"": ""The report does not mention synovitis. It discusses friction of the iliotibial band, Hoffa's fat pad impingement, and patellar chondropathy, but no synovitis is explicitly described.""
}"
1.2.826.0.1.3680043.8.498.12448079646359892252441208258836556945,Baker's,0.4,0.0,negative,Target-specific evidence is not mentioned in the report.,"{
  ""status"": ""negative"",
  ""score"": 0.95,
  ""evidence"": ""Target-specific evidence is not mentioned in the report.""
}"
1.2.826.0.1.3680043.8.498.12448079646359892252441208258836556945,Contusion,0.4,0.0,negative,Target-specific evidence is not mentioned in the report.,"{
  ""status"": ""negative"",
  ""score"": 0.95,
  ""evidence"": ""Target-specific evidence is not mentioned in the report.""
}"
1.2.826.0.1.3680043.8.498.12448079646359892252441208258836556945,Fracture,0.4,0.0,negative,Target-specific evidence is not mentioned in the report.,"{
  ""status"": ""negative"",
  ""score"": 0.95,
  ""evidence"": ""Target-specific evidence is not mentioned in the report.""
}"
1.2.826.0.1.3680043.8.498.12505035424093604269515328931488770819,ACL,0.95,1.0,positive,Rotura del LCA,"{
  ""status"": ""positive"",
  ""score"": 0.95,
  ""evidence"": ""Rotura del LCA""
}"
1.2.826.0.1.3680043.8.498.12505035424093604269515328931488770819,MCL,0.95,1.0,positive,Rotura parcial del LCM,"{
  ""status"": ""positive"",
  ""score"": 0.95,
  ""evidence"": ""Rotura parcial del LCM""
}"
1.2.826.0.1.3680043.8.498.12505035424093604269515328931488770819,Medial Meniscus,0.95,1.0,positive,Rotura de menisco interno y lateral,"{
  ""status"": ""positive"",
  ""score"": 0.95,
  ""evidence"": ""Rotura de menisco interno y lateral""
}"
1.2.826.0.1.3680043.8.498.12505035424093604269515328931488770819,Lateral Meniscus,0.95,1.0,positive,Rotura de menisco interno y lateral,"{
  ""status"": ""positive"",
  ""score"": 0.95,
  ""evidence"": ""Rotura de menisco interno y lateral""
}"
1.2.826.0.1.3680043.8.498.12505035424093604269515328931488770819,Medial Femoral Condyle OA,0.4,0.0,negative,The report states 'no focal chondrosis or chondral injury in the medial femoral condyle' which is explicit negative evidence for Medial Femoral Condyle OA.,"{
  ""status"": ""negative"",
  ""score"": 0.95,
  ""evidence"": ""The report states 'no focal chondrosis or chondral injury in the medial femoral condyle' which is explicit negative evidence for Medial Femoral Condyle OA.""
}"
1.2.826.0.1.3680043.8.498.12505035424093604269515328931488770819,Lateral Femoral Condyle OA,0.4,0.0,negative,"The report states 'Rotura del LCA' (ACL tear), 'Rotura parcial del LCM' (partial MCL tear), 'Rotura de menisco interno y lateral' (internal and lateral meniscus tear), 'Derrame' (effusion), and 'Contusiones óseas femorotibiales' (femorotibial bone contusions). There is no mention of osteoarthritis, cartilage degeneration, or chondropathy in the lateral femoral condyle. The findings are localized to the ACL, MCL, menisci, and femorotibial bone, not the lateral femoral condyle.","{
  ""status"": ""negative"",
  ""score"": 0.95,
  ""evidence"": ""The report states 'Rotura del LCA' (ACL tear), 'Rotura parcial del LCM' (partial MCL tear), 'Rotura de menisco interno y lateral' (internal and lateral meniscus tear), 'Derrame' (effusion), and 'Contusiones óseas femorotibiales' (femorotibial bone contusions). There is no mention of osteoarthritis, cartilage degeneration, or chondropathy in the lateral femoral condyle. The findings are localized to the ACL, MCL, menisci, and femorotibial bone, not the lateral femoral condyle.""
}"
1.2.826.0.1.3680043.8.498.12505035424093604269515328931488770819,Patellofemoral OA,0.4,0.0,negative,Target-specific evidence is not mentioned in the report.,"{
  ""status"": ""negative"",
  ""score"": 0.95,
  ""evidence"": ""Target-specific evidence is not mentioned in the report.""
}"
1.2.826.0.1.3680043.8.498.12505035424093604269515328931488770819,Effusion,0.95,1.0,positive,Derrame,"{
  ""status"": ""positive"",
  ""score"": 0.95,
  ""evidence"": ""Derrame""
}"
1.2.826.0.1.3680043.8.498.12505035424093604269515328931488770819,Synovitis,0.4,0.0,negative,Derrame,"{
  ""status"": ""negative"",
  ""score"": 0.95,
  ""evidence"": ""Derrame""
}"
1.2.826.0.1.3680043.8.498.12505035424093604269515328931488770819,Baker's,0.4,0.0,negative,Target-specific evidence is not mentioned in the report.,"{
  ""status"": ""negative"",
  ""score"": 0.95,
  ""evidence"": ""Target-specific evidence is not mentioned in the report.""
}"
1.2.826.0.1.3680043.8.498.12505035424093604269515328931488770819,Contusion,0.95,1.0,positive,Contusiones óseas femorotibiales,"{
  ""status"": ""positive"",
  ""score"": 0.95,
  ""evidence"": ""Contusiones óseas femorotibiales""
}"
1.2.826.0.1.3680043.8.498.12505035424093604269515328931488770819,Fracture,0.95,1.0,positive,Contusiones óseas femorotibiales,"{
  ""status"": ""positive"",
  ""score"": 0.95,
  ""evidence"": ""Contusiones óseas femorotibiales""
}"
1.2.826.0.1.3680043.8.498.12606657226568558340797193167488111973,ACL,0.95,1.0,positive,"complete tear of the anterior cruciate ligament, at mid substance","{
  ""status"": ""positive"",
  ""score"": 0.95,
  ""evidence"": ""complete tear of the anterior cruciate ligament, at mid substance""
}"
1.2.826.0.1.3680043.8.498.12606657226568558340797193167488111973,MCL,0.95,1.0,positive,Grade II ligamentous sprain (partial tear) of the medial collateral ligament,"{
  ""status"": ""positive"",
  ""score"": 0.95,
  ""evidence"": ""Grade II ligamentous sprain (partial tear) of the medial collateral ligament""
}"
1.2.826.0.1.3680043.8.498.12606657226568558340797193167488111973,Medial Meniscus,0.4,0.0,negative,"In the medial compartment, the meniscus is not torn and there is no focal chondrosis or chondral injury.","{
  ""status"": ""negative"",
  ""score"": 0.95,
  ""evidence"": ""In the medial compartment, the meniscus is not torn and there is no focal chondrosis or chondral injury.""
}"
1.2.826.0.1.3680043.8.498.12606657226568558340797193167488111973,Lateral Meniscus,0.95,1.0,positive,Longitudinal vertical oblique tear at the posterior horn of the lateral meniscus,"{
  ""status"": ""positive"",
  ""score"": 0.95,
  ""evidence"": ""Longitudinal vertical oblique tear at the posterior horn of the lateral meniscus""
}"
1.2.826.0.1.3680043.8.498.12606657226568558340797193167488111973,Medial Femoral Condyle OA,0.4,0.0,negative,"In the medial compartment, the meniscus is not torn and there is no focal chondrosis or chondral injury.","{
  ""status"": ""negative"",
  ""score"": 0.95,
  ""evidence"": ""In the medial compartment, the meniscus is not torn and there is no focal chondrosis or chondral injury.""
}"
1.2.826.0.1.3680043.8.498.12606657226568558340797193167488111973,Lateral Femoral Condyle OA,0.4,0.0,negative,There is no focal chondrosis or chondral injury in the lateral compartment.,"{
  ""status"": ""negative"",
  ""score"": 0.95,
  ""evidence"": ""There is no focal chondrosis or chondral injury in the lateral compartment.""
}"
1.2.826.0.1.3680043.8.498.12606657226568558340797193167488111973,Patellofemoral OA,0.4,0.0,negative,The patellar and trochlear cartilage appears congruent without chondral lesion.,"{
  ""status"": ""negative"",
  ""score"": 0.95,
  ""evidence"": ""The patellar and trochlear cartilage appears congruent without chondral lesion.""
}"
1.2.826.0.1.3680043.8.498.12606657226568558340797193167488111973,Effusion,0.4,0.0,negative,No knee effusion is present,"{
  ""status"": ""negative"",
  ""score"": 0.95,
  ""evidence"": ""No knee effusion is present""
}"
1.2.826.0.1.3680043.8.498.12606657226568558340797193167488111973,Synovitis,0.4,0.0,negative,No knee effusion is present.,"{
  ""status"": ""negative"",
  ""score"": 0.95,
  ""evidence"": ""No knee effusion is present.""
}"
1.2.826.0.1.3680043.8.498.12606657226568558340797193167488111973,Baker's,0.4,0.0,negative,No knee effusion is present.,"{
  ""status"": ""negative"",
  ""score"": 0.95,
  ""evidence"": ""No knee effusion is present.""
}"
1.2.826.0.1.3680043.8.498.12606657226568558340797193167488111973,Contusion,0.4,0.0,negative,There is no fracture or bone contusion.,"{
  ""status"": ""negative"",
  ""score"": 0.95,
  ""evidence"": ""There is no fracture or bone contusion.""
}"
1.2.826.0.1.3680043.8.498.12606657226568558340797193167488111973,Fracture,0.4,0.0,negative,There is no fracture or bone contusion.,"{
  ""status"": ""negative"",
  ""score"": 0.95,
  ""evidence"": ""There is no fracture or bone contusion.""
}"
1.2.826.0.1.3680043.8.498.12801308844398614687904447633432197492,ACL,0.4,0.0,negative,Φυσιολογικά απεικονίζονται οι πλάγιοι και χιαστοί σύνδεσµοι,"{
  ""status"": ""negative"",
  ""score"": 0.95,
  ""evidence"": ""Φυσιολογικά απεικονίζονται οι πλάγιοι και χιαστοί σύνδεσµοι""
}"
1.2.826.0.1.3680043.8.498.12801308844398614687904447633432197492,MCL,0.4,0.0,negative,Φυσιολογικά απεικονίζονται οι πλάγιοι και χιαστοί σύνδεσµοι,"{
  ""status"": ""negative"",
  ""score"": 0.95,
  ""evidence"": ""Φυσιολογικά απεικονίζονται οι πλάγιοι και χιαστοί σύνδεσµοι""
}"
1.2.826.0.1.3680043.8.498.12801308844398614687904447633432197492,Medial Meniscus,0.95,1.0,positive,εκφυλιστική ρήξη στο οπίσθιο κέρας και σώµα του µηνίσκου,"{
  ""status"": ""positive"",
  ""score"": 0.95,
  ""evidence"": ""εκφυλιστική ρήξη στο οπίσθιο κέρας και σώµα του µηνίσκου""
}"
1.2.826.0.1.3680043.8.498.12801308844398614687904447633432197492,Lateral Meniscus,0.4,0.0,negative,Φυσιολογικά απεικονίζονται οι πλάγιοι και χιαστοί σύνδεσµοι,"{
  ""status"": ""negative"",
  ""score"": 0.95,
  ""evidence"": ""Φυσιολογικά απεικονίζονται οι πλάγιοι και χιαστοί σύνδεσµοι""
}"
1.2.826.0.1.3680043.8.498.12801308844398614687904447633432197492,Medial Femoral Condyle OA,0.4,0.0,negative,no focal chondrosis or chondral injury in the lateral compartment,"{
  ""status"": ""negative"",
  ""score"": 0.95,
  ""evidence"": ""no focal chondrosis or chondral injury in the lateral compartment""
}"
1.2.826.0.1.3680043.8.498.12801308844398614687904447633432197492,Lateral Femoral Condyle OA,0.4,0.0,negative,no focal chondrosis or chondral injury in the lateral compartment,"{
  ""status"": ""negative"",
  ""score"": 0.95,
  ""evidence"": ""no focal chondrosis or chondral injury in the lateral compartment""
}"
1.2.826.0.1.3680043.8.498.12801308844398614687904447633432197492,Patellofemoral OA,0.95,1.0,positive,Εκφυλιστική οστεοαρθρίτιδα και εκφυλιστική ρήξη του µηνίσκου στο έσω διαµέρισµα,"{
  ""status"": ""positive"",
  ""score"": 0.95,
  ""evidence"": ""Εκφυλιστική οστεοαρθρίτιδα και εκφυλιστική ρήξη του µηνίσκου στο έσω διαµέρισµα""
}"
1.2.826.0.1.3680043.8.498.12801308844398614687904447633432197492,Effusion,0.95,1.0,positive,Παρατηρείται µέτρια ποσότητα υγρού ενδαρθρικά που συνέχεται µε ευµεγέθη πολύχωρη συνοβιακή κύστη Baker,"{
  ""status"": ""positive"",
  ""score"": 0.95,
  ""evidence"": ""Παρατηρείται µέτρια ποσότητα υγρού ενδαρθρικά που συνέχεται µε ευµεγέθη πολύχωρη συνοβιακή κύστη Baker""
}"
1.2.826.0.1.3680043.8.498.12801308844398614687904447633432197492,Synovitis,0.4,0.0,negative,Φυσιολογικά απεικονίζονται οι πλάγιοι και χιαστοί σύνδεσµοι,"{
  ""status"": ""negative"",
  ""score"": 0.95,
  ""evidence"": ""Φυσιολογικά απεικονίζονται οι πλάγιοι και χιαστοί σύνδεσµοι""
}"
1.2.826.0.1.3680043.8.498.12801308844398614687904447633432197492,Baker's,0.95,1.0,positive,"Παρατηρείται µέτρια ποσότητα υγρού ενδαρθρικά που συνέχεται µε ευµεγέθη πολύχωρη συνοβιακή κύστη Baker κεφαλουραίας διαµέτρου 9,7εκ παρά την έσω κεφαλή του γαστροκνηµίου µυός","{
  ""status"": ""positive"",
  ""score"": 0.95,
  ""evidence"": ""Παρατηρείται µέτρια ποσότητα υγρού ενδαρθρικά που συνέχεται µε ευµεγέθη πολύχωρη συνοβιακή κύστη Baker κεφαλουραίας διαµέτρου 9,7εκ παρά την έσω κεφαλή του γαστροκνηµίου µυός""
}"
1.2.826.0.1.3680043.8.498.12801308844398614687904447633432197492,Contusion,0.4,0.0,negative,Target-specific evidence is not mentioned in the report.,"{
  ""status"": ""negative"",
  ""score"": 0.95,
  ""evidence"": ""Target-specific evidence is not mentioned in the report.""
}"
1.2.826.0.1.3680043.8.498.12801308844398614687904447633432197492,Fracture,0.4,0.0,negative,Φυσιολογικά απεικονίζονται οι πλάγιοι και χιαστοί σύνδεσµοι,"{
  ""status"": ""negative"",
  ""score"": 0.95,
  ""evidence"": ""Φυσιολογικά απεικονίζονται οι πλάγιοι και χιαστοί σύνδεσµοι""
}"
1.2.826.0.1.3680043.8.498.12978510157202852202776899910529174803,ACL,0.4,0.0,negative,Кръстните връзки са със запазена цялост,"{
  ""status"": ""negative"",
  ""score"": 0.95,
  ""evidence"": ""Кръстните връзки са със запазена цялост""
}"
1.2.826.0.1.3680043.8.498.12978510157202852202776899910529174803,MCL,0.4,0.0,negative,Кръстните връзки са със запазена цялост,"{
  ""status"": ""negative"",
  ""score"": 0.95,
  ""evidence"": ""Кръстните връзки са със запазена цялост""
}"
1.2.826.0.1.3680043.8.498.12978510157202852202776899910529174803,Medial Meniscus,0.4,0.0,negative,Нормално представени менискуси,"{
  ""status"": ""negative"",
  ""score"": 0.95,
  ""evidence"": ""Нормално представени менискуси""
}"
1.2.826.0.1.3680043.8.498.12978510157202852202776899910529174803,Lateral Meniscus,0.4,0.0,negative,Нормално представени менискуси,"{
  ""status"": ""negative"",
  ""score"": 0.95,
  ""evidence"": ""Нормално представени менискуси""
}"
1.2.826.0.1.3680043.8.498.12978510157202852202776899910529174803,Medial Femoral Condyle OA,0.4,0.0,negative,"The report states 'хрущялът, покриващ ставните повърхности на костите е съхранен', which translates to 'the cartilage covering the joint surfaces of the bones is preserved', indicating no cartilage degeneration or osteoarthritis in the medial femoral condyle.","{
  ""status"": ""negative"",
  ""score"": 0.95,
  ""evidence"": ""The report states 'хрущялът, покриващ ставните повърхности на костите е съхранен', which translates to 'the cartilage covering the joint surfaces of the bones is preserved', indicating no cartilage degeneration or osteoarthritis in the medial femoral condyle.""
}"
1.2.826.0.1.3680043.8.498.12978510157202852202776899910529174803,Lateral Femoral Condyle OA,0.4,0.0,negative,"The report states 'хрущялът, покриващ ставните повърхности на костите е съхранен' which translates to 'the cartilage covering the joint surfaces of the bones is preserved', indicating no cartilage degeneration or osteoarthritis in the lateral femoral condyle.","{
  ""status"": ""negative"",
  ""score"": 0.95,
  ""evidence"": ""The report states 'хрущялът, покриващ ставните повърхности на костите е съхранен' which translates to 'the cartilage covering the joint surfaces of the bones is preserved', indicating no cartilage degeneration or osteoarthritis in the lateral femoral condyle.""
}"
1.2.826.0.1.3680043.8.498.12978510157202852202776899910529174803,Patellofemoral OA,0.4,0.0,negative,"Хрущялът, покриващ ставните повърхности на костите е съхранен.","{
  ""status"": ""negative"",
  ""score"": 0.95,
  ""evidence"": ""Хрущялът, покриващ ставните повърхности на костите е съхранен.""
}"
1.2.826.0.1.3680043.8.498.12978510157202852202776899910529174803,Effusion,0.95,1.0,positive,Наличие на минимален ставен излив,"{
  ""status"": ""positive"",
  ""score"": 0.95,
  ""evidence"": ""Наличие на минимален ставен излив""
}"
1.2.826.0.1.3680043.8.498.12978510157202852202776899910529174803,Synovitis,0.4,0.0,negative,Наличие на минимален ставен излив,"{
  ""status"": ""negative"",
  ""score"": 0.95,
  ""evidence"": ""Наличие на минимален ставен излив""
}"
1.2.826.0.1.3680043.8.498.12978510157202852202776899910529174803,Baker's,0.4,0.0,negative,Кръстните връзки са със запазена цялост.,"{
  ""status"": ""negative"",
  ""score"": 0.95,
  ""evidence"": ""Кръстните връзки са със запазена цялост.""
}"
1.2.826.0.1.3680043.8.498.12978510157202852202776899910529174803,Contusion,0.95,1.0,positive,Визуализира се контузионен костномозъчен едем в тибията срединно и към медиалното тибиално плато,"{
  ""status"": ""positive"",
  ""score"": 0.95,
  ""evidence"": ""Визуализира се контузионен костномозъчен едем в тибията срединно и към медиалното тибиално плато""
}"
1.2.826.0.1.3680043.8.498.12978510157202852202776899910529174803,Fracture,0.95,1.0,positive,МР данни за фрактура на тибията в областта на интеркондиларните еминенции,"{
  ""status"": ""positive"",
  ""score"": 0.95,
  ""evidence"": ""МР данни за фрактура на тибията в областта на интеркондиларните еминенции""
}"
1.2.826.0.1.3680043.8.498.13267780356245120052411517053322874891,ACL,0.95,1.0,positive,"The contour of ACL is not all in a straight line but increase signal intensity inside, in favor of grade 2 injury.","{
  ""status"": ""positive"",
  ""score"": 0.95,
  ""evidence"": ""The contour of ACL is not all in a straight line but increase signal intensity inside, in favor of grade 2 injury.""
}"
1.2.826.0.1.3680043.8.498.13267780356245120052411517053322874891,MCL,0.4,0.0,negative,Both medial & lateral collateral ligaments appear to be within normal.,"{
  ""status"": ""negative"",
  ""score"": 0.95,
  ""evidence"": ""Both medial & lateral collateral ligaments appear to be within normal.""
}"
1.2.826.0.1.3680043.8.498.13267780356245120052411517053322874891,Medial Meniscus,0.5,,conflict,"The report states 'There are linear signal intensity in anterior horn of medial meniscus, it extends into the surface, in favor of tear.' and 'Medial meniscus appears to be normal.'","{
  ""status"": ""conflict"",
  ""score"": 0.5,
  ""evidence"": ""The report states 'There are linear signal intensity in anterior horn of medial meniscus, it extends into the surface, in favor of tear.' and 'Medial meniscus appears to be normal.'""
}"
1.2.826.0.1.3680043.8.498.13267780356245120052411517053322874891,Lateral Meniscus,0.95,1.0,positive,"There are linear signal intensity in anterior horn of medial meniscus, it extends into the surface, in favor of tear.","{
  ""status"": ""positive"",
  ""score"": 0.95,
  ""evidence"": ""There are linear signal intensity in anterior horn of medial meniscus, it extends into the surface, in favor of tear.""
}"
1.2.826.0.1.3680043.8.498.13267780356245120052411517053322874891,Medial Femoral Condyle OA,0.4,0.0,negative,Medial meniscus appears to be normal,"{
  ""status"": ""negative"",
  ""score"": 0.95,
  ""evidence"": ""Medial meniscus appears to be normal""
}"
1.2.826.0.1.3680043.8.498.13267780356245120052411517053322874891,Lateral Femoral Condyle OA,0.4,0.0,negative,Both medial & lateral collateral ligaments appear to be within normal.,"{
  ""status"": ""negative"",
  ""score"": 0.95,
  ""evidence"": ""Both medial & lateral collateral ligaments appear to be within normal.""
}"
1.2.826.0.1.3680043.8.498.13267780356245120052411517053322874891,Patellofemoral OA,0.4,0.0,negative,"The report does not mention any degenerative or cartilage pathology involving the patella, trochlea, or patellofemoral compartment. The findings are related to fractures, ligament injuries, and meniscal tears, but not to patellofemoral osteoarthritis.","{
  ""status"": ""negative"",
  ""score"": 0.95,
  ""evidence"": ""The report does not mention any degenerative or cartilage pathology involving the patella, trochlea, or patellofemoral compartment. The findings are related to fractures, ligament injuries, and meniscal tears, but not to patellofemoral osteoarthritis.""
}"
1.2.826.0.1.3680043.8.498.13267780356245120052411517053322874891,Effusion,0.95,1.0,positive,Some joint effusion,"{
  ""status"": ""positive"",
  ""score"": 0.95,
  ""evidence"": ""Some joint effusion""
}"
1.2.826.0.1.3680043.8.498.13267780356245120052411517053322874891,Synovitis,0.95,1.0,positive,Some joint effusion,"{
  ""status"": ""positive"",
  ""score"": 0.95,
  ""evidence"": ""Some joint effusion""
}"
1.2.826.0.1.3680043.8.498.13267780356245120052411517053322874891,Baker's,0.4,0.0,negative,"The report does not mention a Baker cyst or popliteal cyst. The findings include joint effusion and meniscal tear, but no evidence of a Baker's cyst.","{
  ""status"": ""negative"",
  ""score"": 0.95,
  ""evidence"": ""The report does not mention a Baker cyst or popliteal cyst. The findings include joint effusion and meniscal tear, but no evidence of a Baker's cyst.""
}"
1.2.826.0.1.3680043.8.498.13267780356245120052411517053322874891,Contusion,0.95,1.0,positive,Bone contusion with neglected fracture line at fibular head,"{
  ""status"": ""positive"",
  ""score"": 0.95,
  ""evidence"": ""Bone contusion with neglected fracture line at fibular head""
}"
1.2.826.0.1.3680043.8.498.13267780356245120052411517053322874891,Fracture,0.95,1.0,positive,Split fractures at tibial plateau with depression of the lateral articular surface and extending to tibial intercondylar region,"{
  ""status"": ""positive"",
  ""score"": 0.95,
  ""evidence"": ""Split fractures at tibial plateau with depression of the lateral articular surface and extending to tibial intercondylar region""
}"
1.2.826.0.1.3680043.8.498.13335129881737731410081002627729200903,ACL,0.4,0.0,negative,Gevorderde mucoïde degeneratie van de voorste kruisband,"{
  ""status"": ""negative"",
  ""score"": 0.95,
  ""evidence"": ""Gevorderde mucoïde degeneratie van de voorste kruisband""
}"
1.2.826.0.1.3680043.8.498.13335129881737731410081002627729200903,MCL,0.4,0.0,negative,"The report states 'MCL is intact' in the context of the medial collateral ligament, indicating no injury or pathology.","{
  ""status"": ""negative"",
  ""score"": 0.95,
  ""evidence"": ""The report states 'MCL is intact' in the context of the medial collateral ligament, indicating no injury or pathology.""
}"
1.2.826.0.1.3680043.8.498.13335129881737731410081002627729200903,Medial Meniscus,0.4,0.0,negative,"Degeneratief voorkomen laterale meniscus met opzetting van het corpus, die zich bevindt buiten de gewrichtsspleet","{
  ""status"": ""negative"",
  ""score"": 0.95,
  ""evidence"": ""Degeneratief voorkomen laterale meniscus met opzetting van het corpus, die zich bevindt buiten de gewrichtsspleet""
}"
1.2.826.0.1.3680043.8.498.13335129881737731410081002627729200903,Lateral Meniscus,0.4,0.0,negative,"Degeneratief voorkomen laterale meniscus met opzetting van het corpus, die zich bevindt buiten de gewrichtsspleet","{
  ""status"": ""negative"",
  ""score"": 0.95,
  ""evidence"": ""Degeneratief voorkomen laterale meniscus met opzetting van het corpus, die zich bevindt buiten de gewrichtsspleet""
}"
1.2.826.0.1.3680043.8.498.13335129881737731410081002627729200903,Medial Femoral Condyle OA,0.95,1.0,positive,"Matig mediaal femorotibiaal kraakbeenlijden, met quasi volledig kraakbeenverlies dragende deel mediale femorale condyl","{
  ""status"": ""positive"",
  ""score"": 0.95,
  ""evidence"": ""Matig mediaal femorotibiaal kraakbeenlijden, met quasi volledig kraakbeenverlies dragende deel mediale femorale condyl""
}"
1.2.826.0.1.3680043.8.498.13335129881737731410081002627729200903,Lateral Femoral Condyle OA,0.95,1.0,positive,"Gevorderd lateraal femorotibiaal kraakbeenlijden met volledig kraakbeenverlies anterieur, centrale en posterieure dragende deel en van het laterale tibiaplateau","{
  ""status"": ""positive"",
  ""score"": 0.95,
  ""evidence"": ""Gevorderd lateraal femorotibiaal kraakbeenlijden met volledig kraakbeenverlies anterieur, centrale en posterieure dragende deel en van het laterale tibiaplateau""
}"
1.2.826.0.1.3680043.8.498.13335129881737731410081002627729200903,Patellofemoral OA,0.95,1.0,positive,"matig mediaal femorotibiaal kraakbeenlijden, met quasi volledig kraakbeenverlies dragende deel mediale femorale condyl","{
  ""status"": ""positive"",
  ""score"": 0.95,
  ""evidence"": ""matig mediaal femorotibiaal kraakbeenlijden, met quasi volledig kraakbeenverlies dragende deel mediale femorale condyl""
}"
1.2.826.0.1.3680043.8.498.13335129881737731410081002627729200903,Effusion,0.95,1.0,positive,hydrops,"{
  ""status"": ""positive"",
  ""score"": 0.95,
  ""evidence"": ""hydrops""
}"
1.2.826.0.1.3680043.8.498.13335129881737731410081002627729200903,Synovitis,0.95,1.0,positive,chronische synovitis,"{
  ""status"": ""positive"",
  ""score"": 0.95,
  ""evidence"": ""chronische synovitis""
}"
1.2.826.0.1.3680043.8.498.13335129881737731410081002627729200903,Baker's,0.95,1.0,positive,"Popliteale cyste, met beperkte vochtinfiltratie oppervlakkig aan de musculus gastrocnemius medialis","{
  ""status"": ""positive"",
  ""score"": 0.95,
  ""evidence"": ""Popliteale cyste, met beperkte vochtinfiltratie oppervlakkig aan de musculus gastrocnemius medialis""
}"
1.2.826.0.1.3680043.8.498.13335129881737731410081002627729200903,Contusion,0.4,0.0,negative,Besluit: ... echter zonder significant botoedeem,"{
  ""status"": ""negative"",
  ""score"": 0.95,
  ""evidence"": ""Besluit: ... echter zonder significant botoedeem""
}"
1.2.826.0.1.3680043.8.498.13335129881737731410081002627729200903,Fracture,0.4,0.0,negative,Besluit: ... echter zonder significant botoedeem,"{
  ""status"": ""negative"",
  ""score"": 0.95,
  ""evidence"": ""Besluit: ... echter zonder significant botoedeem""
}"
1.2.826.0.1.3680043.8.498.15593638897292057356864060466120253309,ACL,0.4,0.0,negative,Ligamentos colaterales dentro de límites normales,"{
  ""status"": ""negative"",
  ""score"": 0.95,
  ""evidence"": ""Ligamentos colaterales dentro de límites normales""
}"
1.2.826.0.1.3680043.8.498.15593638897292057356864060466120253309,MCL,0.4,0.0,negative,LCP y ligamentos colaterales dentro de límites normales,"{
  ""status"": ""negative"",
  ""score"": 0.95,
  ""evidence"": ""LCP y ligamentos colaterales dentro de límites normales""
}"
1.2.826.0.1.3680043.8.498.15593638897292057356864060466120253309,Medial Meniscus,0.95,1.0,positive,Aumento de señal central del cuerno posterior y cuerpo del menisco medial que contacta la superficie articular inferior sugieran una rotura,"{
  ""status"": ""positive"",
  ""score"": 0.95,
  ""evidence"": ""Aumento de señal central del cuerno posterior y cuerpo del menisco medial que contacta la superficie articular inferior sugieran una rotura""
}"
1.2.826.0.1.3680043.8.498.15593638897292057356864060466120253309,Lateral Meniscus,0.95,1.0,positive,"Rotura del cuerno anterior, cuerpo y cuerno posterior del menisco lateral con mínima extrusión","{
  ""status"": ""positive"",
  ""score"": 0.95,
  ""evidence"": ""Rotura del cuerno anterior, cuerpo y cuerno posterior del menisco lateral con mínima extrusión""
}"
1.2.826.0.1.3680043.8.498.15593638897292057356864060466120253309,Medial Femoral Condyle OA,0.95,1.0,positive,Úlceras condrales de espesor parcial y total de la región central de la zona de carga del cóndilo femoral medial,"{
  ""status"": ""positive"",
  ""score"": 0.95,
  ""evidence"": ""Úlceras condrales de espesor parcial y total de la región central de la zona de carga del cóndilo femoral medial""
}"
1.2.826.0.1.3680043.8.498.15593638897292057356864060466120253309,Lateral Femoral Condyle OA,0.95,1.0,positive,Úlceras condrales de espesor parcial y total de la región central de la zona de carga del cóndilo femoral medial,"{
  ""status"": ""positive"",
  ""score"": 0.95,
  ""evidence"": ""Úlceras condrales de espesor parcial y total de la región central de la zona de carga del cóndilo femoral medial""
}"
1.2.826.0.1.3680043.8.498.15593638897292057356864060466120253309,Patellofemoral OA,0.95,1.0,positive,Úlceras condrales de espesor parcial y total de la región central de la zona de carga del cóndilo femoral medial. Úlceras condrales espesor parcial de la región central del platillo tibial lateral. Condropatía superficial del resto de los cartílagos femorotibiales y de la tróclea femoral. Úlceras condrales de espesor total de distribución difusa de la rótula.,"{
  ""status"": ""positive"",
  ""score"": 0.95,
  ""evidence"": ""Úlceras condrales de espesor parcial y total de la región central de la zona de carga del cóndilo femoral medial. Úlceras condrales espesor parcial de la región central del platillo tibial lateral. Condropatía superficial del resto de los cartílagos femorotibiales y de la tróclea femoral. Úlceras condrales de espesor total de distribución difusa de la rótula.""
}"
1.2.826.0.1.3680043.8.498.15593638897292057356864060466120253309,Effusion,0.95,1.0,positive,Leve derrame articular,"{
  ""status"": ""positive"",
  ""score"": 0.95,
  ""evidence"": ""Leve derrame articular""
}"
1.2.826.0.1.3680043.8.498.15593638897292057356864060466120253309,Synovitis,0.95,1.0,positive,Leve derrame articular con discreta sinovitis difusa,"{
  ""status"": ""positive"",
  ""score"": 0.95,
  ""evidence"": ""Leve derrame articular con discreta sinovitis difusa""
}"
1.2.826.0.1.3680043.8.498.15593638897292057356864060466120253309,Baker's,0.4,0.0,negative,No hay quistes poplíteos.,"{
  ""status"": ""negative"",
  ""score"": 0.95,
  ""evidence"": ""No hay quistes poplíteos.""
}"
1.2.826.0.1.3680043.8.498.15593638897292057356864060466120253309,Contusion,0.4,0.0,negative,No hay alteraciones de señal significativas de la médula ósea,"{
  ""status"": ""negative"",
  ""score"": 0.95,
  ""evidence"": ""No hay alteraciones de señal significativas de la médula ósea""
}"
1.2.826.0.1.3680043.8.498.15593638897292057356864060466120253309,Fracture,0.4,0.0,negative,No hay alteraciones de señal significativas de la médula ósea.,"{
  ""status"": ""negative"",
  ""score"": 0.95,
  ""evidence"": ""No hay alteraciones de señal significativas de la médula ósea.""
}"
1.2.826.0.1.3680043.8.498.16060119389060497136231217718921482192,ACL,0.4,0.0,negative,ACL normal,"{
  ""status"": ""negative"",
  ""score"": 0.95,
  ""evidence"": ""ACL normal""
}"
1.2.826.0.1.3680043.8.498.16060119389060497136231217718921482192,MCL,0.4,0.0,negative,MCL normal,"{
  ""status"": ""negative"",
  ""score"": 0.95,
  ""evidence"": ""MCL normal""
}"
1.2.826.0.1.3680043.8.498.16060119389060497136231217718921482192,Medial Meniscus,0.95,1.0,positive,Medial meniscus tear,"{
  ""status"": ""positive"",
  ""score"": 0.95,
  ""evidence"": ""Medial meniscus tear""
}"
1.2.826.0.1.3680043.8.498.16060119389060497136231217718921482192,Lateral Meniscus,0.95,1.0,positive,Lateral meniscus tear,"{
  ""status"": ""positive"",
  ""score"": 0.95,
  ""evidence"": ""Lateral meniscus tear""
}"
1.2.826.0.1.3680043.8.498.16060119389060497136231217718921482192,Medial Femoral Condyle OA,0.95,1.0,positive,Incipient OA of all three compartments,"{
  ""status"": ""positive"",
  ""score"": 0.95,
  ""evidence"": ""Incipient OA of all three compartments""
}"
1.2.826.0.1.3680043.8.498.16060119389060497136231217718921482192,Lateral Femoral Condyle OA,0.95,1.0,positive,Incipient OA of all three compartments,"{
  ""status"": ""positive"",
  ""score"": 0.95,
  ""evidence"": ""Incipient OA of all three compartments""
}"
1.2.826.0.1.3680043.8.498.16060119389060497136231217718921482192,Patellofemoral OA,0.95,1.0,positive,Incipient OA of all three compartments,"{
  ""status"": ""positive"",
  ""score"": 0.95,
  ""evidence"": ""Incipient OA of all three compartments""
}"
1.2.826.0.1.3680043.8.498.16060119389060497136231217718921482192,Effusion,0.95,1.0,positive,Large effusion,"{
  ""status"": ""positive"",
  ""score"": 0.95,
  ""evidence"": ""Large effusion""
}"
1.2.826.0.1.3680043.8.498.16060119389060497136231217718921482192,Synovitis,0.4,0.0,negative,Large effusion,"{
  ""status"": ""negative"",
  ""score"": 0.95,
  ""evidence"": ""Large effusion""
}"
1.2.826.0.1.3680043.8.498.16060119389060497136231217718921482192,Baker's,0.95,1.0,positive,Baker's cyst present,"{
  ""status"": ""positive"",
  ""score"": 0.95,
  ""evidence"": ""Baker's cyst present""
}"
1.2.826.0.1.3680043.8.498.16060119389060497136231217718921482192,Contusion,0.95,1.0,positive,Insufficient fracture of medial femoral condyle with adjacent bone marrow oedema,"{
  ""status"": ""positive"",
  ""score"": 0.95,
  ""evidence"": ""Insufficient fracture of medial femoral condyle with adjacent bone marrow oedema""
}"
1.2.826.0.1.3680043.8.498.16060119389060497136231217718921482192,Fracture,0.95,1.0,positive,Insufficient fracture of medial femoral condyl with adjacent bone marrow oedema,"{
  ""status"": ""positive"",
  ""score"": 0.95,
  ""evidence"": ""Insufficient fracture of medial femoral condyl with adjacent bone marrow oedema""
}"
1.2.826.0.1.3680043.8.498.17844546765907321649997094867791102711,ACL,0.95,1.0,positive,Ön çapraz bağdaki laksite artışı ve ödem yüksek olasılıkla tam kat-tam kata yakın yırtık ile birlikte,"{
  ""status"": ""positive"",
  ""score"": 0.95,
  ""evidence"": ""Ön çapraz bağdaki laksite artışı ve ödem yüksek olasılıkla tam kat-tam kata yakın yırtık ile birlikte""
}"
1.2.826.0.1.3680043.8.498.17844546765907321649997094867791102711,MCL,0.4,0.0,negative,Medyal menisküs ve lateral menisküs normal,"{
  ""status"": ""negative"",
  ""score"": 0.95,
  ""evidence"": ""Medyal menisküs ve lateral menisküs normal""
}"
1.2.826.0.1.3680043.8.498.17844546765907321649997094867791102711,Medial Meniscus,0.4,0.0,negative,Medyal menisküs ve lateral menisküs normal,"{
  ""status"": ""negative"",
  ""score"": 0.95,
  ""evidence"": ""Medyal menisküs ve lateral menisküs normal""
}"
1.2.826.0.1.3680043.8.498.17844546765907321649997094867791102711,Lateral Meniscus,0.4,0.0,negative,Medyal menisküs ve lateral menisküs normal,"{
  ""status"": ""negative"",
  ""score"": 0.95,
  ""evidence"": ""Medyal menisküs ve lateral menisküs normal""
}"
1.2.826.0.1.3680043.8.498.17844546765907321649997094867791102711,Medial Femoral Condyle OA,0.4,0.0,negative,Eklem kıkırdakları ve kemikler bunların dışında normal,"{
  ""status"": ""negative"",
  ""score"": 0.95,
  ""evidence"": ""Eklem kıkırdakları ve kemikler bunların dışında normal""
}"
1.2.826.0.1.3680043.8.498.17844546765907321649997094867791102711,Lateral Femoral Condyle OA,0.4,0.0,negative,Eklem kıkırdakları ve kemikler bunların dışında normal,"{
  ""status"": ""negative"",
  ""score"": 0.95,
  ""evidence"": ""Eklem kıkırdakları ve kemikler bunların dışında normal""
}"
1.2.826.0.1.3680043.8.498.17844546765907321649997094867791102711,Patellofemoral OA,0.4,0.0,negative,Eklem kıkırdakları ve kemikler bunların dışında normal,"{
  ""status"": ""negative"",
  ""score"": 0.95,
  ""evidence"": ""Eklem kıkırdakları ve kemikler bunların dışında normal""
}"
1.2.826.0.1.3680043.8.498.17844546765907321649997094867791102711,Effusion,0.95,1.0,positive,Diz eklemi içi sıvı miktarı hafif derecede artmış,"{
  ""status"": ""positive"",
  ""score"": 0.95,
  ""evidence"": ""Diz eklemi içi sıvı miktarı hafif derecede artmış""
}"
1.2.826.0.1.3680043.8.498.17844546765907321649997094867791102711,Synovitis,0.4,0.0,negative,Arka çapraz ve yan bağlar normal,"{
  ""status"": ""negative"",
  ""score"": 0.95,
  ""evidence"": ""Arka çapraz ve yan bağlar normal""
}"
1.2.826.0.1.3680043.8.498.17844546765907321649997094867791102711,Baker's,0.4,0.0,negative,Medial menisküs ve lateral menisküs normal,"{
  ""status"": ""negative"",
  ""score"": 0.95,
  ""evidence"": ""Medial menisküs ve lateral menisküs normal""
}"
1.2.826.0.1.3680043.8.498.17844546765907321649997094867791102711,Contusion,0.95,1.0,positive,Tibyal plato posterolateral köşesinde pivot kayması ile ilintili kemik kontüzyonu mevcut,"{
  ""status"": ""positive"",
  ""score"": 0.95,
  ""evidence"": ""Tibyal plato posterolateral köşesinde pivot kayması ile ilintili kemik kontüzyonu mevcut""
}"
1.2.826.0.1.3680043.8.498.17844546765907321649997094867791102711,Fracture,0.95,1.0,positive,Lateral femoral condyle subchondral fracture with bone marrow edema,"{
  ""status"": ""positive"",
  ""score"": 0.95,
  ""evidence"": ""Lateral femoral condyle subchondral fracture with bone marrow edema""
}"
1.2.826.0.1.3680043.8.498.18392509497170616983977319528036573378,ACL,0.95,1.0,positive,Anterior çapraz bağda komplet rüptüre sekonder bütünlük kaybı izlenmiştir,"{
  ""status"": ""positive"",
  ""score"": 0.95,
  ""evidence"": ""Anterior çapraz bağda komplet rüptüre sekonder bütünlük kaybı izlenmiştir""
}"
1.2.826.0.1.3680043.8.498.18392509497170616983977319528036573378,MCL,0.95,1.0,positive,Medial kollateral ligamende incelme ve periligamentöz ödem izlenmiştir,"{
  ""status"": ""positive"",
  ""score"": 0.95,
  ""evidence"": ""Medial kollateral ligamende incelme ve periligamentöz ödem izlenmiştir""
}"
1.2.826.0.1.3680043.8.498.18392509497170616983977319528036573378,Medial Meniscus,0.95,1.0,positive,Medial ve lateral menisküste grade II meniskopati,"{
  ""status"": ""positive"",
  ""score"": 0.95,
  ""evidence"": ""Medial ve lateral menisküste grade II meniskopati""
}"
1.2.826.0.1.3680043.8.498.18392509497170616983977319528036573378,Lateral Meniscus,0.95,1.0,positive,Medial ve lateral menisküste grade II meniskopati,"{
  ""status"": ""positive"",
  ""score"": 0.95,
  ""evidence"": ""Medial ve lateral menisküste grade II meniskopati""
}"
1.2.826.0.1.3680043.8.498.18392509497170616983977319528036573378,Medial Femoral Condyle OA,0.4,0.0,negative,The report states 'medial and lateral meniscus posterior horn and body section show grade II degeneration' and 'no focal chondrosis or chondral injury in the medial femoral condyle' which indicates no degenerative/cartilage pathology in the medial femoral condyle.,"{
  ""status"": ""negative"",
  ""score"": 0.95,
  ""evidence"": ""The report states 'medial and lateral meniscus posterior horn and body section show grade II degeneration' and 'no focal chondrosis or chondral injury in the medial femoral condyle' which indicates no degenerative/cartilage pathology in the medial femoral condyle.""
}"
1.2.826.0.1.3680043.8.498.18392509497170616983977319528036573378,Lateral Femoral Condyle OA,0.95,1.0,positive,Femur lateral kondilde subartiküler nondeplase fraktür ve komşu kemik iliğinde ödem izlenmiştir,"{
  ""status"": ""positive"",
  ""score"": 0.95,
  ""evidence"": ""Femur lateral kondilde subartiküler nondeplase fraktür ve komşu kemik iliğinde ödem izlenmiştir""
}"
1.2.826.0.1.3680043.8.498.18392509497170616983977319528036573378,Patellofemoral OA,0.85,1.0,positive,retropatellar chondropathy,"{
  ""status"": ""positive"",
  ""score"": 0.85,
  ""evidence"": ""retropatellar chondropathy""
}"
1.2.826.0.1.3680043.8.498.18392509497170616983977319528036573378,Effusion,0.95,1.0,positive,"Suprapatellar bursit, diz ekleminde hafif sinovit","{
  ""status"": ""positive"",
  ""score"": 0.95,
  ""evidence"": ""Suprapatellar bursit, diz ekleminde hafif sinovit""
}"
1.2.826.0.1.3680043.8.498.18392509497170616983977319528036573378,Synovitis,0.95,1.0,positive,diz ekleminde hafif sinovit,"{
  ""status"": ""positive"",
  ""score"": 0.95,
  ""evidence"": ""diz ekleminde hafif sinovit""
}"
1.2.826.0.1.3680043.8.498.18392509497170616983977319528036573378,Baker's,0.4,0.0,negative,"Suprapatellar bursit, diz ekleminde hafif sinovit","{
  ""status"": ""negative"",
  ""score"": 0.95,
  ""evidence"": ""Suprapatellar bursit, diz ekleminde hafif sinovit""
}"
1.2.826.0.1.3680043.8.498.18392509497170616983977319528036573378,Contusion,0.95,1.0,positive,Tibia lateral plato posteriorunda fibula başında kontüzyonel kemik iliği ödemleri izlenmektedir.,"{
  ""status"": ""positive"",
  ""score"": 0.95,
  ""evidence"": ""Tibia lateral plato posteriorunda fibula başında kontüzyonel kemik iliği ödemleri izlenmektedir.""
}"
1.2.826.0.1.3680043.8.498.18392509497170616983977319528036573378,Fracture,0.95,1.0,positive,Femur lateral kondilde subartiküler nondeplase fraktür,"{
  ""status"": ""positive"",
  ""score"": 0.95,
  ""evidence"": ""Femur lateral kondilde subartiküler nondeplase fraktür""
}"
1.2.826.0.1.3680043.8.498.22109739962224309418874538994436903404,ACL,0.4,0.0,negative,Anterior cruciate ligament (ACL): Normal with both bundles intact.,"{
  ""status"": ""negative"",
  ""score"": 0.95,
  ""evidence"": ""Anterior cruciate ligament (ACL): Normal with both bundles intact.""
}"
1.2.826.0.1.3680043.8.498.22109739962224309418874538994436903404,MCL,0.4,0.0,negative,Medial collateral ligament (MCL): Normal.,"{
  ""status"": ""negative"",
  ""score"": 0.95,
  ""evidence"": ""Medial collateral ligament (MCL): Normal.""
}"
1.2.826.0.1.3680043.8.498.22109739962224309418874538994436903404,Medial Meniscus,0.4,0.0,negative,Medial meniscus: Normal in morphology and signal.,"{
  ""status"": ""negative"",
  ""score"": 0.95,
  ""evidence"": ""Medial meniscus: Normal in morphology and signal.""
}"
1.2.826.0.1.3680043.8.498.22109739962224309418874538994436903404,Lateral Meniscus,0.85,1.0,positive,Lateral meniscus: There is a diminutive appearance of the body and posterior horn consistent with previous partial meniscectomy. There is irregularity of the inner margin diffusely consistent with recurrent tear. There is moderate extrusion.,"{
  ""status"": ""positive"",
  ""score"": 0.85,
  ""evidence"": ""Lateral meniscus: There is a diminutive appearance of the body and posterior horn consistent with previous partial meniscectomy. There is irregularity of the inner margin diffusely consistent with recurrent tear. There is moderate extrusion.""
}"
1.2.826.0.1.3680043.8.498.22109739962224309418874538994436903404,Medial Femoral Condyle OA,0.4,0.0,negative,Medial compartment cartilage: Cartilage appears intact.,"{
  ""status"": ""negative"",
  ""score"": 0.95,
  ""evidence"": ""Medial compartment cartilage: Cartilage appears intact.""
}"
1.2.826.0.1.3680043.8.498.22109739962224309418874538994436903404,Lateral Femoral Condyle OA,0.4,0.0,negative,"Lateral compartment cartilage: Mild cartilage thinning and fissuring is present at the posterior and peripheral weightbearing aspect, with minimal degenerative subchondral bone marrow edema.","{
  ""status"": ""negative"",
  ""score"": 0.95,
  ""evidence"": ""Lateral compartment cartilage: Mild cartilage thinning and fissuring is present at the posterior and peripheral weightbearing aspect, with minimal degenerative subchondral bone marrow edema.""
}"
1.2.826.0.1.3680043.8.498.22109739962224309418874538994436903404,Patellofemoral OA,0.75,1.0,positive,"Patellofemoral compartment cartilage: There is mild cartilage thinning and surface irregularity at the patella and trochlea, medial greater than lateral.","{
  ""status"": ""positive"",
  ""score"": 0.75,
  ""evidence"": ""Patellofemoral compartment cartilage: There is mild cartilage thinning and surface irregularity at the patella and trochlea, medial greater than lateral.""
}"
1.2.826.0.1.3680043.8.498.22109739962224309418874538994436903404,Effusion,0.95,1.0,positive,Small joint effusion,"{
  ""status"": ""positive"",
  ""score"": 0.95,
  ""evidence"": ""Small joint effusion""
}"
1.2.826.0.1.3680043.8.498.22109739962224309418874538994436903404,Synovitis,0.4,0.0,negative,No synovitis is mentioned in the report.,"{
  ""status"": ""negative"",
  ""score"": 0.95,
  ""evidence"": ""No synovitis is mentioned in the report.""
}"
1.2.826.0.1.3680043.8.498.22109739962224309418874538994436903404,Baker's,0.95,1.0,positive,Moderate Baker cyst with slight surrounding edema likely representing leakage,"{
  ""status"": ""positive"",
  ""score"": 0.95,
  ""evidence"": ""Moderate Baker cyst with slight surrounding edema likely representing leakage""
}"
1.2.826.0.1.3680043.8.498.22109739962224309418874538994436903404,Contusion,0.4,0.0,negative,No acute fracture or bone bruise.,"{
  ""status"": ""negative"",
  ""score"": 0.95,
  ""evidence"": ""No acute fracture or bone bruise.""
}"
1.2.826.0.1.3680043.8.498.22109739962224309418874538994436903404,Fracture,0.4,0.0,negative,No acute fracture or bone bruise,"{
  ""status"": ""negative"",
  ""score"": 0.95,
  ""evidence"": ""No acute fracture or bone bruise""
}"
1.2.826.0.1.3680043.8.498.25695966186129395049687747156570466645,ACL,0.4,0.0,negative,Από τον έλεγχο των χιαστών και πλαγίων συνδέσµων δεν παρατηρούνται αξιόλογα ευρήµατα,"{
  ""status"": ""negative"",
  ""score"": 0.95,
  ""evidence"": ""Από τον έλεγχο των χιαστών και πλαγίων συνδέσµων δεν παρατηρούνται αξιόλογα ευρήµατα""
}"
1.2.826.0.1.3680043.8.498.25695966186129395049687747156570466645,MCL,0.4,0.0,negative,Από τον έλεγχο των χιαστών και πλαγίων συνδέσµων δεν παρατηρούνται αξιόλογα ευρήµατα,"{
  ""status"": ""negative"",
  ""score"": 0.95,
  ""evidence"": ""Από τον έλεγχο των χιαστών και πλαγίων συνδέσµων δεν παρατηρούνται αξιόλογα ευρήµατα""
}"
1.2.826.0.1.3680043.8.498.25695966186129395049687747156570466645,Medial Meniscus,0.4,0.0,negative,Απλή εκφύλιση παρατηρείται στον έξω µηνίσκο. Εκφύλιση και ήπιο υπεξάρθρηµα παρατηρείται στον έσω µηνίσκο.,"{
  ""status"": ""negative"",
  ""score"": 0.95,
  ""evidence"": ""Απλή εκφύλιση παρατηρείται στον έξω µηνίσκο. Εκφύλιση και ήπιο υπεξάρθρηµα παρατηρείται στον έσω µηνίσκο.""
}"
1.2.826.0.1.3680043.8.498.25695966186129395049687747156570466645,Lateral Meniscus,0.4,0.0,negative,Απλή εκφύλιση παρατηρείται στον έξω µηνίσκο,"{
  ""status"": ""negative"",
  ""score"": 0.95,
  ""evidence"": ""Απλή εκφύλιση παρατηρείται στον έξω µηνίσκο""
}"
1.2.826.0.1.3680043.8.498.25695966186129395049687747156570466645,Medial Femoral Condyle OA,0.85,1.0,positive,εστιακή διάβρωση του αρθρικού χόνδρου του έσω µηριαίου κονδύλου στον άξονα φόρτισης (ICRS grade II),"{
  ""status"": ""positive"",
  ""score"": 0.85,
  ""evidence"": ""εστιακή διάβρωση του αρθρικού χόνδρου του έσω µηριαίου κονδύλου στον άξονα φόρτισης (ICRS grade II)""
}"
1.2.826.0.1.3680043.8.498.25695966186129395049687747156570466645,Lateral Femoral Condyle OA,0.4,0.0,negative,no focal chondrosis or chondral injury in the lateral compartment,"{
  ""status"": ""negative"",
  ""score"": 0.95,
  ""evidence"": ""no focal chondrosis or chondral injury in the lateral compartment""
}"
1.2.826.0.1.3680043.8.498.25695966186129395049687747156570466645,Patellofemoral OA,0.85,1.0,positive,Ευρήµατα αρχόµενης εκφυλιστικής οστεοαρθρίτιδας κατά το έσω διαµέρισµα. Επιπλέον ήπιο υπαρθρικό οστεοµυελικό οίδηµα στον έσω µηριαίο κόνδυλο και εστιακή διάβρωση του αρθρικού χόνδρου του έσω µηριαίου κονδύλου στον άξονα φόρτισης (ICRS grade II),"{
  ""status"": ""positive"",
  ""score"": 0.85,
  ""evidence"": ""Ευρήµατα αρχόµενης εκφυλιστικής οστεοαρθρίτιδας κατά το έσω διαµέρισµα. Επιπλέον ήπιο υπαρθρικό οστεοµυελικό οίδηµα στον έσω µηριαίο κόνδυλο και εστιακή διάβρωση του αρθρικού χόνδρου του έσω µηριαίου κονδύλου στον άξονα φόρτισης (ICRS grade II)""
}"
1.2.826.0.1.3680043.8.498.25695966186129395049687747156570466645,Effusion,0.95,1.0,positive,Συλλογή υγρού παρατηρείται ενδαρθρικά µε κατά τόπους πάχυνση του υµένα,"{
  ""status"": ""positive"",
  ""score"": 0.95,
  ""evidence"": ""Συλλογή υγρού παρατηρείται ενδαρθρικά µε κατά τόπους πάχυνση του υµένα""
}"
1.2.826.0.1.3680043.8.498.25695966186129395049687747156570466645,Synovitis,0.4,0.0,negative,Συµπέρασµα: Ευρήµατα αρχόµενης εκφυλιστικής οστεοαρθρίτιδας κατά το έσω διαµέρισµα. Λόγω της ήπιας υµενίτιδας συνιστάται ρευµατολογικός έλεγχος για διερεύνηση πιθανής υποκείµενης φλεγµονώδους αρθρίτιδας.,"{
  ""status"": ""negative"",
  ""score"": 0.95,
  ""evidence"": ""Συµπέρασµα: Ευρήµατα αρχόµενης εκφυλιστικής οστεοαρθρίτιδας κατά το έσω διαµέρισµα. Λόγω της ήπιας υµενίτιδας συνιστάται ρευµατολογικός έλεγχος για διερεύνηση πιθανής υποκείµενης φλεγµονώδους αρθρίτιδας.""
}"
1.2.826.0.1.3680043.8.498.25695966186129395049687747156570466645,Baker's,0.95,1.0,positive,μικρή συνοβιακή κύστη Baker,"{
  ""status"": ""positive"",
  ""score"": 0.95,
  ""evidence"": ""μικρή συνοβιακή κύστη Baker""
}"
1.2.826.0.1.3680043.8.498.25695966186129395049687747156570466645,Contusion,0.4,0.0,negative,no bone contusion or bone bruise is mentioned in the report,"{
  ""status"": ""negative"",
  ""score"": 0.95,
  ""evidence"": ""no bone contusion or bone bruise is mentioned in the report""
}"
1.2.826.0.1.3680043.8.498.25695966186129395049687747156570466645,Fracture,0.4,0.0,negative,Από τον έλεγχο των χιαστών και πλαγίων συνδέσµων δεν παρατηρούνται αξιόλογα ευρήµατα,"{
  ""status"": ""negative"",
  ""score"": 0.95,
  ""evidence"": ""Από τον έλεγχο των χιαστών και πλαγίων συνδέσµων δεν παρατηρούνται αξιόλογα ευρήµατα""
}"
1.2.826.0.1.3680043.8.498.26790702379506190936834447203448882465,ACL,0.95,1.0,positive,ACL is ruptured in its mid substance,"{
  ""status"": ""positive"",
  ""score"": 0.95,
  ""evidence"": ""ACL is ruptured in its mid substance""
}"
1.2.826.0.1.3680043.8.498.26790702379506190936834447203448882465,MCL,0.4,0.0,negative,Normal MCL,"{
  ""status"": ""negative"",
  ""score"": 0.95,
  ""evidence"": ""Normal MCL""
}"
1.2.826.0.1.3680043.8.498.26790702379506190936834447203448882465,Medial Meniscus,0.4,0.0,negative,Normal medial and lateral menisci,"{
  ""status"": ""negative"",
  ""score"": 0.95,
  ""evidence"": ""Normal medial and lateral menisci""
}"
1.2.826.0.1.3680043.8.498.26790702379506190936834447203448882465,Lateral Meniscus,0.4,0.0,negative,Normal lateral menisci,"{
  ""status"": ""negative"",
  ""score"": 0.95,
  ""evidence"": ""Normal lateral menisci""
}"
1.2.826.0.1.3680043.8.498.26790702379506190936834447203448882465,Medial Femoral Condyle OA,0.4,0.0,negative,The tibiofemoral and patellofemoral articular cartilage is normal.,"{
  ""status"": ""negative"",
  ""score"": 0.95,
  ""evidence"": ""The tibiofemoral and patellofemoral articular cartilage is normal.""
}"
1.2.826.0.1.3680043.8.498.26790702379506190936834447203448882465,Lateral Femoral Condyle OA,0.75,1.0,positive,mild residual bone contusion in the weightbearing aspect of the lateral femoral condyle,"{
  ""status"": ""positive"",
  ""score"": 0.75,
  ""evidence"": ""mild residual bone contusion in the weightbearing aspect of the lateral femoral condyle""
}"
1.2.826.0.1.3680043.8.498.26790702379506190936834447203448882465,Patellofemoral OA,0.4,0.0,negative,The tibiofemoral and patellofemoral articular cartilage is normal.,"{
  ""status"": ""negative"",
  ""score"": 0.95,
  ""evidence"": ""The tibiofemoral and patellofemoral articular cartilage is normal.""
}"
1.2.826.0.1.3680043.8.498.26790702379506190936834447203448882465,Effusion,0.95,1.0,positive,There is a mild knee effusion,"{
  ""status"": ""positive"",
  ""score"": 0.95,
  ""evidence"": ""There is a mild knee effusion""
}"
1.2.826.0.1.3680043.8.498.26790702379506190936834447203448882465,Synovitis,0.4,0.0,negative,"Normal PCL, MCL and LCL","{
  ""status"": ""negative"",
  ""score"": 0.95,
  ""evidence"": ""Normal PCL, MCL and LCL""
}"
1.2.826.0.1.3680043.8.498.26790702379506190936834447203448882465,Baker's,0.4,0.0,negative,"Normal PCL, MCL and LCL. Normal extensor mechanism.","{
  ""status"": ""negative"",
  ""score"": 0.95,
  ""evidence"": ""Normal PCL, MCL and LCL. Normal extensor mechanism.""
}"
1.2.826.0.1.3680043.8.498.26790702379506190936834447203448882465,Contusion,0.95,1.0,positive,mild residual bone contusion in the weightbearing aspect of the lateral femoral condyle and posterior aspect of the lateral tibial condyle,"{
  ""status"": ""positive"",
  ""score"": 0.95,
  ""evidence"": ""mild residual bone contusion in the weightbearing aspect of the lateral femoral condyle and posterior aspect of the lateral tibial condyle""
}"
1.2.826.0.1.3680043.8.498.26790702379506190936834447203448882465,Fracture,0.4,0.0,negative,Normal visualized remaining bones and surrounding soft tissues,"{
  ""status"": ""negative"",
  ""score"": 0.95,
  ""evidence"": ""Normal visualized remaining bones and surrounding soft tissues""
}"
1.2.826.0.1.3680043.8.498.27437263843446879932281897446100134924,ACL,0.4,0.0,negative,ACL normal,"{
  ""status"": ""negative"",
  ""score"": 0.95,
  ""evidence"": ""ACL normal""
}"
1.2.826.0.1.3680043.8.498.27437263843446879932281897446100134924,MCL,0.4,0.0,negative,MCL normal,"{
  ""status"": ""negative"",
  ""score"": 0.95,
  ""evidence"": ""MCL normal""
}"
1.2.826.0.1.3680043.8.498.27437263843446879932281897446100134924,Medial Meniscus,0.95,1.0,positive,Medial meniscus tear,"{
  ""status"": ""positive"",
  ""score"": 0.95,
  ""evidence"": ""Medial meniscus tear""
}"
1.2.826.0.1.3680043.8.498.27437263843446879932281897446100134924,Lateral Meniscus,0.4,0.0,negative,Lateral meniscus normal,"{
  ""status"": ""negative"",
  ""score"": 0.95,
  ""evidence"": ""Lateral meniscus normal""
}"
1.2.826.0.1.3680043.8.498.27437263843446879932281897446100134924,Medial Femoral Condyle OA,0.4,0.0,negative,Cartilages normal,"{
  ""status"": ""negative"",
  ""score"": 0.95,
  ""evidence"": ""Cartilages normal""
}"
1.2.826.0.1.3680043.8.498.27437263843446879932281897446100134924,Lateral Femoral Condyle OA,0.4,0.0,negative,Cartilages normal,"{
  ""status"": ""negative"",
  ""score"": 0.95,
  ""evidence"": ""Cartilages normal""
}"
1.2.826.0.1.3680043.8.498.27437263843446879932281897446100134924,Patellofemoral OA,0.4,0.0,negative,Cartilages normal,"{
  ""status"": ""negative"",
  ""score"": 0.95,
  ""evidence"": ""Cartilages normal""
}"
1.2.826.0.1.3680043.8.498.27437263843446879932281897446100134924,Effusion,0.4,0.0,negative,No effusion,"{
  ""status"": ""negative"",
  ""score"": 0.95,
  ""evidence"": ""No effusion""
}"
1.2.826.0.1.3680043.8.498.27437263843446879932281897446100134924,Synovitis,0.4,0.0,negative,No effusion,"{
  ""status"": ""negative"",
  ""score"": 0.95,
  ""evidence"": ""No effusion""
}"
1.2.826.0.1.3680043.8.498.27437263843446879932281897446100134924,Baker's,0.4,0.0,negative,No baker's cyst,"{
  ""status"": ""negative"",
  ""score"": 0.95,
  ""evidence"": ""No baker's cyst""
}"
1.2.826.0.1.3680043.8.498.27437263843446879932281897446100134924,Contusion,0.4,0.0,negative,Cartilages normal,"{
  ""status"": ""negative"",
  ""score"": 0.95,
  ""evidence"": ""Cartilages normal""
}"
1.2.826.0.1.3680043.8.498.27437263843446879932281897446100134924,Fracture,0.4,0.0,negative,ACL normal. MCL normal. Cartilages normal. No baker's cyst. No effusion,"{
  ""status"": ""negative"",
  ""score"": 0.95,
  ""evidence"": ""ACL normal. MCL normal. Cartilages normal. No baker's cyst. No effusion""
}"
1.2.826.0.1.3680043.8.498.28925345859498351203477642741908452608,ACL,0.4,0.0,negative,lateral ve medial kollateral ligaman normaldir,"{
  ""status"": ""negative"",
  ""score"": 0.95,
  ""evidence"": ""lateral ve medial kollateral ligaman normaldir""
}"
1.2.826.0.1.3680043.8.498.28925345859498351203477642741908452608,MCL,0.95,1.0,positive,medial kollateral ligaman normaldir,"{
  ""status"": ""positive"",
  ""score"": 0.95,
  ""evidence"": ""medial kollateral ligaman normaldir""
}"
1.2.826.0.1.3680043.8.498.28925345859498351203477642741908452608,Medial Meniscus,0.95,1.0,positive,Medial menisküs ekstrüde görünümde olup posterior hornunda yırtık ile uyumlu sinyal değişiklikleri mevcuttur,"{
  ""status"": ""positive"",
  ""score"": 0.95,
  ""evidence"": ""Medial menisküs ekstrüde görünümde olup posterior hornunda yırtık ile uyumlu sinyal değişiklikleri mevcuttur""
}"
1.2.826.0.1.3680043.8.498.28925345859498351203477642741908452608,Lateral Meniscus,0.4,0.0,negative,Lateral menisküs normal,"{
  ""status"": ""negative"",
  ""score"": 0.95,
  ""evidence"": ""Lateral menisküs normal""
}"
1.2.826.0.1.3680043.8.498.28925345859498351203477642741908452608,Medial Femoral Condyle OA,0.4,0.0,negative,"Medial femoral condyle OA is not mentioned in the report. The report describes tibial proximal and femoral distal epicondyle bone marrow edema, but does not specify this as medial femoral condyle OA. The report does not describe degenerative or cartilage pathology localized to the medial femoral condyle.","{
  ""status"": ""negative"",
  ""score"": 0.95,
  ""evidence"": ""Medial femoral condyle OA is not mentioned in the report. The report describes tibial proximal and femoral distal epicondyle bone marrow edema, but does not specify this as medial femoral condyle OA. The report does not describe degenerative or cartilage pathology localized to the medial femoral condyle.""
}"
1.2.826.0.1.3680043.8.498.28925345859498351203477642741908452608,Lateral Femoral Condyle OA,0.4,0.0,negative,"Lateral femoral condyle OA is not mentioned in the report. The report describes normal lateral meniscus and normal lateral collateral ligament, but does not mention any degenerative or cartilage pathology in the lateral femoral condyle or lateral femorotibial compartment.","{
  ""status"": ""negative"",
  ""score"": 0.95,
  ""evidence"": ""Lateral femoral condyle OA is not mentioned in the report. The report describes normal lateral meniscus and normal lateral collateral ligament, but does not mention any degenerative or cartilage pathology in the lateral femoral condyle or lateral femorotibial compartment.""
}"
1.2.826.0.1.3680043.8.498.28925345859498351203477642741908452608,Patellofemoral OA,0.4,0.0,negative,Patella normal yerleşimlidir.,"{
  ""status"": ""negative"",
  ""score"": 0.95,
  ""evidence"": ""Patella normal yerleşimlidir.""
}"
1.2.826.0.1.3680043.8.498.28925345859498351203477642741908452608,Effusion,0.95,1.0,positive,Suprapatellar bursada sıvı artışı izlenmiştir.,"{
  ""status"": ""positive"",
  ""score"": 0.95,
  ""evidence"": ""Suprapatellar bursada sıvı artışı izlenmiştir.""
}"
1.2.826.0.1.3680043.8.498.28925345859498351203477642741908452608,Synovitis,0.95,1.0,positive,Medial kollateral ligaman çevresinde sıvı artışı izlenmiştir.,"{
  ""status"": ""positive"",
  ""score"": 0.95,
  ""evidence"": ""Medial kollateral ligaman çevresinde sıvı artışı izlenmiştir.""
}"
1.2.826.0.1.3680043.8.498.28925345859498351203477642741908452608,Baker's,0.95,1.0,positive,Popliteal fossada 54x15 mm çapta Baker kisti ile uyumlu görünüm mevcuttur,"{
  ""status"": ""positive"",
  ""score"": 0.95,
  ""evidence"": ""Popliteal fossada 54x15 mm çapta Baker kisti ile uyumlu görünüm mevcuttur""
}"
1.2.826.0.1.3680043.8.498.28925345859498351203477642741908452608,Contusion,0.95,1.0,positive,Tibia proksimali ve femur distal epikondil seviyesi medialde kemik iliği ödemi ile uyumlu görünümler mevcuttur,"{
  ""status"": ""positive"",
  ""score"": 0.95,
  ""evidence"": ""Tibia proksimali ve femur distal epikondil seviyesi medialde kemik iliği ödemi ile uyumlu görünümler mevcuttur""
}"
1.2.826.0.1.3680043.8.498.28925345859498351203477642741908452608,Fracture,0.4,0.0,negative,"Arka çapraz bağ, çm çapraz bağ , lateral ve medial kollateral ligaman normaldir.","{
  ""status"": ""negative"",
  ""score"": 0.95,
  ""evidence"": ""Arka çapraz bağ, çm çapraz bağ , lateral ve medial kollateral ligaman normaldir.""
}"
1.2.826.0.1.3680043.8.498.29764868091238287072166823522853419550,ACL,0.95,1.0,positive,ACL is ruptured,"{
  ""status"": ""positive"",
  ""score"": 0.95,
  ""evidence"": ""ACL is ruptured""
}"
1.2.826.0.1.3680043.8.498.29764868091238287072166823522853419550,MCL,0.4,0.0,negative,Normal MCL,"{
  ""status"": ""negative"",
  ""score"": 0.95,
  ""evidence"": ""Normal MCL""
}"
1.2.826.0.1.3680043.8.498.29764868091238287072166823522853419550,Medial Meniscus,0.4,0.0,negative,Normal medial and lateral menisci,"{
  ""status"": ""negative"",
  ""score"": 0.95,
  ""evidence"": ""Normal medial and lateral menisci""
}"
1.2.826.0.1.3680043.8.498.29764868091238287072166823522853419550,Lateral Meniscus,0.4,0.0,negative,Normal medial and lateral menisci,"{
  ""status"": ""negative"",
  ""score"": 0.95,
  ""evidence"": ""Normal medial and lateral menisci""
}"
1.2.826.0.1.3680043.8.498.29764868091238287072166823522853419550,Medial Femoral Condyle OA,0.4,0.0,negative,The tibiofemoral and patellofemoral articular cartilage is normal.,"{
  ""status"": ""negative"",
  ""score"": 0.95,
  ""evidence"": ""The tibiofemoral and patellofemoral articular cartilage is normal.""
}"
1.2.826.0.1.3680043.8.498.29764868091238287072166823522853419550,Lateral Femoral Condyle OA,0.4,0.0,negative,The tibiofemoral and patellofemoral articular cartilage is normal.,"{
  ""status"": ""negative"",
  ""score"": 0.95,
  ""evidence"": ""The tibiofemoral and patellofemoral articular cartilage is normal.""
}"
1.2.826.0.1.3680043.8.498.29764868091238287072166823522853419550,Patellofemoral OA,0.4,0.0,negative,The tibiofemoral and patellofemoral articular cartilage is normal.,"{
  ""status"": ""negative"",
  ""score"": 0.95,
  ""evidence"": ""The tibiofemoral and patellofemoral articular cartilage is normal.""
}"
1.2.826.0.1.3680043.8.498.29764868091238287072166823522853419550,Effusion,0.95,1.0,positive,Conclusion: Mild effusion.,"{
  ""status"": ""positive"",
  ""score"": 0.95,
  ""evidence"": ""Conclusion: Mild effusion.""
}"
1.2.826.0.1.3680043.8.498.29764868091238287072166823522853419550,Synovitis,0.4,0.0,negative,No evidence of knee effusion,"{
  ""status"": ""negative"",
  ""score"": 0.95,
  ""evidence"": ""No evidence of knee effusion""
}"
1.2.826.0.1.3680043.8.498.29764868091238287072166823522853419550,Baker's,0.4,0.0,negative,No evidence of Baker's cyst,"{
  ""status"": ""negative"",
  ""score"": 0.95,
  ""evidence"": ""No evidence of Baker's cyst""
}"
1.2.826.0.1.3680043.8.498.29764868091238287072166823522853419550,Contusion,0.95,1.0,positive,A bone contusion is noted in the posterolateral corner of the lateral tibial plateau,"{
  ""status"": ""positive"",
  ""score"": 0.95,
  ""evidence"": ""A bone contusion is noted in the posterolateral corner of the lateral tibial plateau""
}"
1.2.826.0.1.3680043.8.498.29764868091238287072166823522853419550,Fracture,0.4,0.0,negative,"Normal medial and lateral menisci. Normal PCL, MCL and LCL. Normal extensor mechanism. The tibiofemoral and patellofemoral articular cartilage is normal.","{
  ""status"": ""negative"",
  ""score"": 0.95,
  ""evidence"": ""Normal medial and lateral menisci. Normal PCL, MCL and LCL. Normal extensor mechanism. The tibiofemoral and patellofemoral articular cartilage is normal.""
}"
1.2.826.0.1.3680043.8.498.30246079718471552972130572444383079911,ACL,0.95,1.0,positive,Ön çapraz bağ devamlılığı seçilememiştir (komplet yırtık),"{
  ""status"": ""positive"",
  ""score"": 0.95,
  ""evidence"": ""Ön çapraz bağ devamlılığı seçilememiştir (komplet yırtık)""
}"
1.2.826.0.1.3680043.8.498.30246079718471552972130572444383079911,MCL,0.75,1.0,positive,lateral ve medial kollateral ligamanlar çevresinde hafif ödematöz görünüm (grade I sprain) izlenmiştir,"{
  ""status"": ""positive"",
  ""score"": 0.75,
  ""evidence"": ""lateral ve medial kollateral ligamanlar çevresinde hafif ödematöz görünüm (grade I sprain) izlenmiştir""
}"
1.2.826.0.1.3680043.8.498.30246079718471552972130572444383079911,Medial Meniscus,0.95,1.0,positive,"Medial menisküste grade II dejenerasyon, radial yırtık ile uyumlu görünüm mevcuttur","{
  ""status"": ""positive"",
  ""score"": 0.95,
  ""evidence"": ""Medial menisküste grade II dejenerasyon, radial yırtık ile uyumlu görünüm mevcuttur""
}"
1.2.826.0.1.3680043.8.498.30246079718471552972130572444383079911,Lateral Meniscus,0.95,1.0,positive,"Lateral menisküste grade II dejenerasyon, kova sapı yırtığı ile uyumlu görünüm mevcuttur","{
  ""status"": ""positive"",
  ""score"": 0.95,
  ""evidence"": ""Lateral menisküste grade II dejenerasyon, kova sapı yırtığı ile uyumlu görünüm mevcuttur""
}"
1.2.826.0.1.3680043.8.498.30246079718471552972130572444383079911,Medial Femoral Condyle OA,0.4,0.0,negative,"The report states 'medial meniskus tear' and 'grade II degeneration of medial meniscus', but does not mention any osteoarthritis, cartilage degeneration, chondropathy, or chondral damage specifically localized to the medial femoral condyle. The findings are related to the medial meniscus, not the medial femoral condyle.","{
  ""status"": ""negative"",
  ""score"": 0.95,
  ""evidence"": ""The report states 'medial meniskus tear' and 'grade II degeneration of medial meniscus', but does not mention any osteoarthritis, cartilage degeneration, chondropathy, or chondral damage specifically localized to the medial femoral condyle. The findings are related to the medial meniscus, not the medial femoral condyle.""
}"
1.2.826.0.1.3680043.8.498.30246079718471552972130572444383079911,Lateral Femoral Condyle OA,0.95,1.0,positive,Femur lateral kondil ve tibia lateral plato seviyesinde yaygın kontüzyonel kemik iliği ödemleri izlenmiştir.,"{
  ""status"": ""positive"",
  ""score"": 0.95,
  ""evidence"": ""Femur lateral kondil ve tibia lateral plato seviyesinde yaygın kontüzyonel kemik iliği ödemleri izlenmiştir.""
}"
1.2.826.0.1.3680043.8.498.30246079718471552972130572444383079911,Patellofemoral OA,0.4,0.0,negative,Patella normal yerleşimlidir.,"{
  ""status"": ""negative"",
  ""score"": 0.95,
  ""evidence"": ""Patella normal yerleşimlidir.""
}"
1.2.826.0.1.3680043.8.498.30246079718471552972130572444383079911,Effusion,0.95,1.0,positive,Suprapatellar bursada ve diz eklemi içerisinde yaygın sıvı artışı izlenmiştir.,"{
  ""status"": ""positive"",
  ""score"": 0.95,
  ""evidence"": ""Suprapatellar bursada ve diz eklemi içerisinde yaygın sıvı artışı izlenmiştir.""
}"
1.2.826.0.1.3680043.8.498.30246079718471552972130572444383079911,Synovitis,0.95,1.0,positive,suprapatellar bursada ve diz eklemi içerisinde yaygın sıvı artışı izlenmiştir,"{
  ""status"": ""positive"",
  ""score"": 0.95,
  ""evidence"": ""suprapatellar bursada ve diz eklemi içerisinde yaygın sıvı artışı izlenmiştir""
}"
1.2.826.0.1.3680043.8.498.30246079718471552972130572444383079911,Baker's,0.4,0.0,negative,Suprapatellar bursada ve diz eklemi içerisinde yaygın sıvı artışı izlenmiştir.,"{
  ""status"": ""negative"",
  ""score"": 0.95,
  ""evidence"": ""Suprapatellar bursada ve diz eklemi içerisinde yaygın sıvı artışı izlenmiştir.""
}"
1.2.826.0.1.3680043.8.498.30246079718471552972130572444383079911,Contusion,0.95,1.0,positive,Femur lateral kondil ve tibia lateral plato seviyesinde yaygın kontüzyonel kemik iliği ödemleri izlenmiştir.,"{
  ""status"": ""positive"",
  ""score"": 0.95,
  ""evidence"": ""Femur lateral kondil ve tibia lateral plato seviyesinde yaygın kontüzyonel kemik iliği ödemleri izlenmiştir.""
}"
1.2.826.0.1.3680043.8.498.30246079718471552972130572444383079911,Fracture,0.95,1.0,positive,Femur lateral kondil ve tibia lateral plato seviyesinde yaygın kontüzyonel kemik iliği ödemleri izlenmiştir.,"{
  ""status"": ""positive"",
  ""score"": 0.95,
  ""evidence"": ""Femur lateral kondil ve tibia lateral plato seviyesinde yaygın kontüzyonel kemik iliği ödemleri izlenmiştir.""
}"
1.2.826.0.1.3680043.8.498.32321830776739689645700555055955725945,ACL,0.95,1.0,positive,Οιδηµατώδης απεικόνιση του πρόσθιου χιαστού συνδέσµου µε ασυνέχεια των ινών του στο πλαίσιο υφολικής (σχεδόν πλήρους) ρήξης,"{
  ""status"": ""positive"",
  ""score"": 0.95,
  ""evidence"": ""Οιδηµατώδης απεικόνιση του πρόσθιου χιαστού συνδέσµου µε ασυνέχεια των ινών του στο πλαίσιο υφολικής (σχεδόν πλήρους) ρήξης""
}"
1.2.826.0.1.3680043.8.498.32321830776739689645700555055955725945,MCL,0.95,1.0,positive,Οιδηµατώδης απεικόνιση και ασυνέχεια στην εγγύς µοίρα του έσω πλαγίου συνδέσµου µε παρουσία οιδήµατος πέριξ στο πλαίσιο µερικής ρήξης (grade 2),"{
  ""status"": ""positive"",
  ""score"": 0.95,
  ""evidence"": ""Οιδηµατώδης απεικόνιση και ασυνέχεια στην εγγύς µοίρα του έσω πλαγίου συνδέσµου µε παρουσία οιδήµατος πέριξ στο πλαίσιο µερικής ρήξης (grade 2)""
}"
1.2.826.0.1.3680043.8.498.32321830776739689645700555055955725945,Medial Meniscus,0.4,0.0,negative,Εκφύλιση παρατηρείται στο οπίσθιο κέρας του έσω µηνίσκου,"{
  ""status"": ""negative"",
  ""score"": 0.95,
  ""evidence"": ""Εκφύλιση παρατηρείται στο οπίσθιο κέρας του έσω µηνίσκου""
}"
1.2.826.0.1.3680043.8.498.32321830776739689645700555055955725945,Lateral Meniscus,0.4,0.0,negative,Εκφύλιση παρατηρείται στο οπίσθιο κέρας του έσω µηνίσκου,"{
  ""status"": ""negative"",
  ""score"": 0.95,
  ""evidence"": ""Εκφύλιση παρατηρείται στο οπίσθιο κέρας του έσω µηνίσκου""
}"
1.2.826.0.1.3680043.8.498.32321830776739689645700555055955725945,Medial Femoral Condyle OA,0.85,1.0,positive,Λέπτυνση και ανωµαλία παρυφής του αρθρικού χόνδρου ιδίως στο έσω µεσάρθριο και στον έσω αρθρικό χόνδρο της επιγονατίδας στο πλαίσιο αρχόµενης οστεοαρθρίτιδας,"{
  ""status"": ""positive"",
  ""score"": 0.85,
  ""evidence"": ""Λέπτυνση και ανωµαλία παρυφής του αρθρικού χόνδρου ιδίως στο έσω µεσάρθριο και στον έσω αρθρικό χόνδρο της επιγονατίδας στο πλαίσιο αρχόµενης οστεοαρθρίτιδας""
}"
1.2.826.0.1.3680043.8.498.32321830776739689645700555055955725945,Lateral Femoral Condyle OA,0.85,1.0,positive,Λέπτυνση και ανωµαλία παρυφής του αρθρικού χόνδρου ιδίως στο έσω µεσάρθριο και στον έσω αρθρικό χόνδρο της επιγονατίδας στο πλαίσιο αρχόµενης οστεοαρθρίτιδας,"{
  ""status"": ""positive"",
  ""score"": 0.85,
  ""evidence"": ""Λέπτυνση και ανωµαλία παρυφής του αρθρικού χόνδρου ιδίως στο έσω µεσάρθριο και στον έσω αρθρικό χόνδρο της επιγονατίδας στο πλαίσιο αρχόµενης οστεοαρθρίτιδας""
}"
1.2.826.0.1.3680043.8.498.32321830776739689645700555055955725945,Patellofemoral OA,0.85,1.0,positive,Λέπτυνση και ανωµαλία παρυφής του αρθρικού χόνδρου ιδίως στο έσω µεσάρθριο και στον έσω αρθρικό χόνδρο της επιγονατίδας στο πλαίσιο αρχόµενης οστεοαρθρίτιδας,"{
  ""status"": ""positive"",
  ""score"": 0.85,
  ""evidence"": ""Λέπτυνση και ανωµαλία παρυφής του αρθρικού χόνδρου ιδίως στο έσω µεσάρθριο και στον έσω αρθρικό χόνδρο της επιγονατίδας στο πλαίσιο αρχόµενης οστεοαρθρίτιδας""
}"
1.2.826.0.1.3680043.8.498.32321830776739689645700555055955725945,Effusion,0.95,1.0,positive,Ικανή ποσότητα ενθαρρυντικής συλλογής υγρού,"{
  ""status"": ""positive"",
  ""score"": 0.95,
  ""evidence"": ""Ικανή ποσότητα ενθαρρυντικής συλλογής υγρού""
}"
1.2.826.0.1.3680043.8.498.32321830776739689645700555055955725945,Synovitis,0.4,0.0,negative,Συλλογή υγρού προεπιγονατιδικά στο πλαίσιο προεπιγονατιδικής ορογονοθυλακίτιδας,"{
  ""status"": ""negative"",
  ""score"": 0.95,
  ""evidence"": ""Συλλογή υγρού προεπιγονατιδικά στο πλαίσιο προεπιγονατιδικής ορογονοθυλακίτιδας""
}"
1.2.826.0.1.3680043.8.498.32321830776739689645700555055955725945,Baker's,0.4,0.0,negative,Συλλογή υγρού προεπιγονατιδικά στο πλαίσιο προεπιγονατιδικής ορογονοθυλακίτιδας,"{
  ""status"": ""negative"",
  ""score"": 0.95,
  ""evidence"": ""Συλλογή υγρού προεπιγονατιδικά στο πλαίσιο προεπιγονατιδικής ορογονοθυλακίτιδας""
}"
1.2.826.0.1.3680043.8.498.32321830776739689645700555055955725945,Contusion,0.95,1.0,positive,Εκτεταµένο οίδηµα του οστικού µυελού στην εγγύς µετάφυση/επίφυση της κνήµης παριστά οστικό µώλωπα στο πλαίσιο της αναφερόµενης κάκωσης,"{
  ""status"": ""positive"",
  ""score"": 0.95,
  ""evidence"": ""Εκτεταµένο οίδηµα του οστικού µυελού στην εγγύς µετάφυση/επίφυση της κνήµης παριστά οστικό µώλωπα στο πλαίσιο της αναφερόµενης κάκωσης""
}"
1.2.826.0.1.3680043.8.498.32321830776739689645700555055955725945,Fracture,0.95,1.0,positive,Οιδηµατώδης απεικόνιση του πρόσθιου χιαστού συνδέσµου µε ασυνέχεια των ινών του στο πλαίσιο υφολικής (σχεδόν πλήρους) ρήξης,"{
  ""status"": ""positive"",
  ""score"": 0.95,
  ""evidence"": ""Οιδηµατώδης απεικόνιση του πρόσθιου χιαστού συνδέσµου µε ασυνέχεια των ινών του στο πλαίσιο υφολικής (σχεδόν πλήρους) ρήξης""
}"
1.2.826.0.1.3680043.8.498.37040910196459054543310335064167212742,ACL,0.95,1.0,positive,"The contour of ACL is not in a straight line and increased signal intensity inside on F/S T2WI, in favor of tear.","{
  ""status"": ""positive"",
  ""score"": 0.95,
  ""evidence"": ""The contour of ACL is not in a straight line and increased signal intensity inside on F/S T2WI, in favor of tear.""
}"
1.2.826.0.1.3680043.8.498.37040910196459054543310335064167212742,MCL,0.95,1.0,positive,Grade 2 injury of MCL (especially at the deep MCL/meniscofemoral ligament),"{
  ""status"": ""positive"",
  ""score"": 0.95,
  ""evidence"": ""Grade 2 injury of MCL (especially at the deep MCL/meniscofemoral ligament)""
}"
1.2.826.0.1.3680043.8.498.37040910196459054543310335064167212742,Medial Meniscus,0.95,1.0,positive,"Linear signal intensity in the body and posterior horn of medial meniscus with extension to the surface, in favor of tear.","{
  ""status"": ""positive"",
  ""score"": 0.95,
  ""evidence"": ""Linear signal intensity in the body and posterior horn of medial meniscus with extension to the surface, in favor of tear.""
}"
1.2.826.0.1.3680043.8.498.37040910196459054543310335064167212742,Lateral Meniscus,0.95,1.0,positive,There is a gap in the posterior horn of lateral meniscus near the posterior root,"{
  ""status"": ""positive"",
  ""score"": 0.95,
  ""evidence"": ""There is a gap in the posterior horn of lateral meniscus near the posterior root""
}"
1.2.826.0.1.3680043.8.498.37040910196459054543310335064167212742,Medial Femoral Condyle OA,0.4,0.0,negative,"The report does not mention any degenerative or cartilage pathology specifically localized to the medial femoral condyle. The findings related to the medial femoral condyle are limited to the medial meniscus tear and subchondral fracture, which are not equivalent to medial femoral condyle OA.","{
  ""status"": ""negative"",
  ""score"": 0.95,
  ""evidence"": ""The report does not mention any degenerative or cartilage pathology specifically localized to the medial femoral condyle. The findings related to the medial femoral condyle are limited to the medial meniscus tear and subchondral fracture, which are not equivalent to medial femoral condyle OA.""
}"
1.2.826.0.1.3680043.8.498.37040910196459054543310335064167212742,Lateral Femoral Condyle OA,0.4,0.0,negative,No focal chondrosis or chondral injury in the lateral femoral condyle or lateral femorotibial compartment.,"{
  ""status"": ""negative"",
  ""score"": 0.95,
  ""evidence"": ""No focal chondrosis or chondral injury in the lateral femoral condyle or lateral femorotibial compartment.""
}"
1.2.826.0.1.3680043.8.498.37040910196459054543310335064167212742,Patellofemoral OA,0.0,0.0,negative,Target-specific evidence is not mentioned in the report.,"{
  ""status"": ""negative"",
  ""score"": 0.0,
  ""evidence"": ""Target-specific evidence is not mentioned in the report.""
}"
1.2.826.0.1.3680043.8.498.37040910196459054543310335064167212742,Effusion,0.95,1.0,positive,"Joint effusion and suprapatellar bursitis with suprapatellar and medial plicae; hypertrophy of the synovium, indicative of synovitis.","{
  ""status"": ""positive"",
  ""score"": 0.95,
  ""evidence"": ""Joint effusion and suprapatellar bursitis with suprapatellar and medial plicae; hypertrophy of the synovium, indicative of synovitis.""
}"
1.2.826.0.1.3680043.8.498.37040910196459054543310335064167212742,Synovitis,0.95,1.0,positive,"hypertrophy of the synovium, indicative of synovitis","{
  ""status"": ""positive"",
  ""score"": 0.95,
  ""evidence"": ""hypertrophy of the synovium, indicative of synovitis""
}"
1.2.826.0.1.3680043.8.498.37040910196459054543310335064167212742,Baker's,0.0,0.0,negative,Target-specific evidence is not mentioned in the report.,"{
  ""status"": ""negative"",
  ""score"": 0.0,
  ""evidence"": ""Target-specific evidence is not mentioned in the report.""
}"
1.2.826.0.1.3680043.8.498.37040910196459054543310335064167212742,Contusion,0.95,1.0,positive,"Bone marrow edema in distal femur, proximal tibia and fibula, and lower pole of patella, suspect bone contusion.","{
  ""status"": ""positive"",
  ""score"": 0.95,
  ""evidence"": ""Bone marrow edema in distal femur, proximal tibia and fibula, and lower pole of patella, suspect bone contusion.""
}"
1.2.826.0.1.3680043.8.498.37040910196459054543310335064167212742,Fracture,0.95,1.0,positive,Subchondral fracture over posterior aspect of medial tibial plateau,"{
  ""status"": ""positive"",
  ""score"": 0.95,
  ""evidence"": ""Subchondral fracture over posterior aspect of medial tibial plateau""
}"
1.2.826.0.1.3680043.8.498.37392127307867238524251864751713143683,ACL,0.4,0.0,negative,"The report states: 'Prednji križni ligament je nešto viših intenziteta signala pri tibijalnom hvatištu, moguće stanje nakon distenzije ili manje parcijalne rupture.' This indicates the ACL is not torn or ruptured, but rather shows possible signs of a minor partial tear or post-injury state. The report does not describe an ACL tear, rupture, disruption, injury, or any direct equivalent, and the ligament is otherwise described as intact.","{
  ""status"": ""negative"",
  ""score"": 0.95,
  ""evidence"": ""The report states: 'Prednji križni ligament je nešto viših intenziteta signala pri tibijalnom hvatištu, moguće stanje nakon distenzije ili manje parcijalne rupture.' This indicates the ACL is not torn or ruptured, but rather shows possible signs of a minor partial tear or post-injury state. The report does not describe an ACL tear, rupture, disruption, injury, or any direct equivalent, and the ligament is otherwise described as intact.""
}"
1.2.826.0.1.3680043.8.498.37392127307867238524251864751713143683,MCL,0.4,0.0,negative,"Medijalni kolateralni ligament je primjerenih intenziteta signala, održanog kontinuiteta.","{
  ""status"": ""negative"",
  ""score"": 0.95,
  ""evidence"": ""Medijalni kolateralni ligament je primjerenih intenziteta signala, održanog kontinuiteta.""
}"
1.2.826.0.1.3680043.8.498.37392127307867238524251864751713143683,Medial Meniscus,0.4,0.0,negative,"Linearni hiperintenzitet crvene zone stražnjeg roga medijalnog meniska koji može odgovarati vaskularnoj strukturi, bez evidentne rupture.","{
  ""status"": ""negative"",
  ""score"": 0.95,
  ""evidence"": ""Linearni hiperintenzitet crvene zone stražnjeg roga medijalnog meniska koji može odgovarati vaskularnoj strukturi, bez evidentne rupture.""
}"
1.2.826.0.1.3680043.8.498.37392127307867238524251864751713143683,Lateral Meniscus,0.4,0.0,negative,"Lateralni menisk je primjerenih intenziteta signala, bez znakova rupture.","{
  ""status"": ""negative"",
  ""score"": 0.95,
  ""evidence"": ""Lateralni menisk je primjerenih intenziteta signala, bez znakova rupture.""
}"
1.2.826.0.1.3680043.8.498.37392127307867238524251864751713143683,Medial Femoral Condyle OA,0.4,0.0,negative,Hondromalacične promjene 1. stupnja hrskavice medijalne fasete patele.,"{
  ""status"": ""negative"",
  ""score"": 0.95,
  ""evidence"": ""Hondromalacične promjene 1. stupnja hrskavice medijalne fasete patele.""
}"
1.2.826.0.1.3680043.8.498.37392127307867238524251864751713143683,Lateral Femoral Condyle OA,0.4,0.0,negative,"Lateral menisk is primjerenih intenziteta signala, bez znakova rupture.","{
  ""status"": ""negative"",
  ""score"": 0.95,
  ""evidence"": ""Lateral menisk is primjerenih intenziteta signala, bez znakova rupture.""
}"
1.2.826.0.1.3680043.8.498.37392127307867238524251864751713143683,Patellofemoral OA,0.75,1.0,positive,Hondromalacične promjene 1. stupnja hrskavice medijalne fasete patele,"{
  ""status"": ""positive"",
  ""score"": 0.75,
  ""evidence"": ""Hondromalacične promjene 1. stupnja hrskavice medijalne fasete patele""
}"
1.2.826.0.1.3680043.8.498.37392127307867238524251864751713143683,Effusion,0.95,1.0,positive,Manja količina izljeva suprapatelarno i u medijalnom recesusu,"{
  ""status"": ""positive"",
  ""score"": 0.95,
  ""evidence"": ""Manja količina izljeva suprapatelarno i u medijalnom recesusu""
}"
1.2.826.0.1.3680043.8.498.37392127307867238524251864751713143683,Synovitis,0.4,0.0,negative,No direct description of synovitis. The report mentions 'manja količina izljeva suprapatelarno i u medijalnom recesusu' (small amount of effusion) but does not describe synovial inflammation or any direct equivalent of synovitis.,"{
  ""status"": ""negative"",
  ""score"": 0.95,
  ""evidence"": ""No direct description of synovitis. The report mentions 'manja količina izljeva suprapatelarno i u medijalnom recesusu' (small amount of effusion) but does not describe synovial inflammation or any direct equivalent of synovitis.""
}"
1.2.826.0.1.3680043.8.498.37392127307867238524251864751713143683,Baker's,0.95,1.0,positive,Baker cista veličine oko 22x12x27 mm (APxLLxCC),"{
  ""status"": ""positive"",
  ""score"": 0.95,
  ""evidence"": ""Baker cista veličine oko 22x12x27 mm (APxLLxCC)""
}"
1.2.826.0.1.3680043.8.498.37392127307867238524251864751713143683,Contusion,0.95,1.0,positive,Opsežan okolni koštani edem,"{
  ""status"": ""positive"",
  ""score"": 0.95,
  ""evidence"": ""Opsežan okolni koštani edem""
}"
1.2.826.0.1.3680043.8.498.37392127307867238524251864751713143683,Fracture,0.85,1.0,positive,moguće stanje nakon distenzije ili manje parcijalne rupture,"{
  ""status"": ""positive"",
  ""score"": 0.85,
  ""evidence"": ""moguće stanje nakon distenzije ili manje parcijalne rupture""
}"
1.2.826.0.1.3680043.8.498.39500553372517290823815606829518305500,ACL,0.4,0.0,negative,Ligamentos cruzados y colaterales dentro de límites normales,"{
  ""status"": ""negative"",
  ""score"": 0.95,
  ""evidence"": ""Ligamentos cruzados y colaterales dentro de límites normales""
}"
1.2.826.0.1.3680043.8.498.39500553372517290823815606829518305500,MCL,0.4,0.0,negative,Ligamentos cruzados y colaterales dentro de límites normales,"{
  ""status"": ""negative"",
  ""score"": 0.95,
  ""evidence"": ""Ligamentos cruzados y colaterales dentro de límites normales""
}"
1.2.826.0.1.3680043.8.498.39500553372517290823815606829518305500,Medial Meniscus,0.4,0.0,negative,"El menisco medial es de morfología y señal conservada, sin criterios categóricos de rotura","{
  ""status"": ""negative"",
  ""score"": 0.95,
  ""evidence"": ""El menisco medial es de morfología y señal conservada, sin criterios categóricos de rotura""
}"
1.2.826.0.1.3680043.8.498.39500553372517290823815606829518305500,Lateral Meniscus,0.95,1.0,positive,"Rotura compleja degenerativa del cuerno anterior, cuerpo, cuerno posterior y parte de la raíz meniscal posterior del menisco lateral con extrusión asociada","{
  ""status"": ""positive"",
  ""score"": 0.95,
  ""evidence"": ""Rotura compleja degenerativa del cuerno anterior, cuerpo, cuerno posterior y parte de la raíz meniscal posterior del menisco lateral con extrusión asociada""
}"
1.2.826.0.1.3680043.8.498.39500553372517290823815606829518305500,Medial Femoral Condyle OA,0.4,0.0,negative,Condropatía superficial del compartimento femorotibial medial y de la tróclea femoral.,"{
  ""status"": ""negative"",
  ""score"": 0.95,
  ""evidence"": ""Condropatía superficial del compartimento femorotibial medial y de la tróclea femoral.""
}"
1.2.826.0.1.3680043.8.498.39500553372517290823815606829518305500,Lateral Femoral Condyle OA,0.95,1.0,positive,Úlceras condrales de espesor parcial y total de la región posterior de carga del compartimento femorotibial lateral,"{
  ""status"": ""positive"",
  ""score"": 0.95,
  ""evidence"": ""Úlceras condrales de espesor parcial y total de la región posterior de carga del compartimento femorotibial lateral""
}"
1.2.826.0.1.3680043.8.498.39500553372517290823815606829518305500,Patellofemoral OA,0.95,1.0,positive,Condropatía superficial del compartimento femorotibial medial y de la tróclea femoral. Condropatía lesiones grado dos y tres de la rótula.,"{
  ""status"": ""positive"",
  ""score"": 0.95,
  ""evidence"": ""Condropatía superficial del compartimento femorotibial medial y de la tróclea femoral. Condropatía lesiones grado dos y tres de la rótula.""
}"
1.2.826.0.1.3680043.8.498.39500553372517290823815606829518305500,Effusion,0.95,1.0,positive,Leve a moderado derrame articular,"{
  ""status"": ""positive"",
  ""score"": 0.95,
  ""evidence"": ""Leve a moderado derrame articular""
}"
1.2.826.0.1.3680043.8.498.39500553372517290823815606829518305500,Synovitis,0.75,1.0,positive,Leve a moderado derrame articular con mínima sinovitis,"{
  ""status"": ""positive"",
  ""score"": 0.75,
  ""evidence"": ""Leve a moderado derrame articular con mínima sinovitis""
}"
1.2.826.0.1.3680043.8.498.39500553372517290823815606829518305500,Baker's,0.4,0.0,negative,No hay quistes poplíteos patológicos.,"{
  ""status"": ""negative"",
  ""score"": 0.95,
  ""evidence"": ""No hay quistes poplíteos patológicos.""
}"
1.2.826.0.1.3680043.8.498.39500553372517290823815606829518305500,Contusion,0.4,0.0,negative,No bone contusion is mentioned in the report. The report describes bone edema and fractures but does not explicitly mention bone contusion.,"{
  ""status"": ""negative"",
  ""score"": 0.95,
  ""evidence"": ""No bone contusion is mentioned in the report. The report describes bone edema and fractures but does not explicitly mention bone contusion.""
}"
1.2.826.0.1.3680043.8.498.39500553372517290823815606829518305500,Fracture,0.95,1.0,positive,pequeñas fracturas subcorticales regionales,"{
  ""status"": ""positive"",
  ""score"": 0.95,
  ""evidence"": ""pequeñas fracturas subcorticales regionales""
}"
1.2.826.0.1.3680043.8.498.41600498783384864111179175518614837125,ACL,0.95,1.0,positive,"Acute complete tear of the anterior cruciate ligament, at mid substance","{
  ""status"": ""positive"",
  ""score"": 0.95,
  ""evidence"": ""Acute complete tear of the anterior cruciate ligament, at mid substance""
}"
1.2.826.0.1.3680043.8.498.41600498783384864111179175518614837125,MCL,0.95,1.0,positive,"Grade II ligamentous sprain (partial tear) of the medial collateral ligament, at mid substance (deep and superficial fibers)","{
  ""status"": ""positive"",
  ""score"": 0.95,
  ""evidence"": ""Grade II ligamentous sprain (partial tear) of the medial collateral ligament, at mid substance (deep and superficial fibers)""
}"
1.2.826.0.1.3680043.8.498.41600498783384864111179175518614837125,Medial Meniscus,0.95,1.0,positive,"In the medial compartment, there is buckethandle tear at the anterior horn, body and posterior horn of the medial meniscus.","{
  ""status"": ""positive"",
  ""score"": 0.95,
  ""evidence"": ""In the medial compartment, there is buckethandle tear at the anterior horn, body and posterior horn of the medial meniscus.""
}"
1.2.826.0.1.3680043.8.498.41600498783384864111179175518614837125,Lateral Meniscus,0.75,1.0,positive,Suspicious small longitudinal vertical tear at the periphery posterior horn of the lateral meniscus,"{
  ""status"": ""positive"",
  ""score"": 0.75,
  ""evidence"": ""Suspicious small longitudinal vertical tear at the periphery posterior horn of the lateral meniscus""
}"
1.2.826.0.1.3680043.8.498.41600498783384864111179175518614837125,Medial Femoral Condyle OA,0.4,0.0,negative,There is no focal chondrosis or chondral injury in the medial compartment.,"{
  ""status"": ""negative"",
  ""score"": 0.95,
  ""evidence"": ""There is no focal chondrosis or chondral injury in the medial compartment.""
}"
1.2.826.0.1.3680043.8.498.41600498783384864111179175518614837125,Lateral Femoral Condyle OA,0.95,1.0,positive,Acute osteochondral injury a mid weightbaring lateral femoral condyle,"{
  ""status"": ""positive"",
  ""score"": 0.95,
  ""evidence"": ""Acute osteochondral injury a mid weightbaring lateral femoral condyle""
}"
1.2.826.0.1.3680043.8.498.41600498783384864111179175518614837125,Patellofemoral OA,0.4,0.0,negative,The patellar and trochlear cartilage appears congruent without chondral lesion.,"{
  ""status"": ""negative"",
  ""score"": 0.95,
  ""evidence"": ""The patellar and trochlear cartilage appears congruent without chondral lesion.""
}"
1.2.826.0.1.3680043.8.498.41600498783384864111179175518614837125,Effusion,0.95,1.0,positive,Minimal amount of right knee effusion,"{
  ""status"": ""positive"",
  ""score"": 0.95,
  ""evidence"": ""Minimal amount of right knee effusion""
}"
1.2.826.0.1.3680043.8.498.41600498783384864111179175518614837125,Synovitis,0.4,0.0,negative,"There is no synovitis. The report mentions 'minimal amount of right knee effusion' but does not describe synovial inflammation, synovial hypertrophy, or any other direct equivalent of synovitis.","{
  ""status"": ""negative"",
  ""score"": 0.95,
  ""evidence"": ""There is no synovitis. The report mentions 'minimal amount of right knee effusion' but does not describe synovial inflammation, synovial hypertrophy, or any other direct equivalent of synovitis.""
}"
1.2.826.0.1.3680043.8.498.41600498783384864111179175518614837125,Baker's,0.4,0.0,negative,The report states 'The extensor mechanism is normal.' and 'The meniscopopliteal fascicles are intact.' There is no mention of a Baker cyst or popliteal cyst.,"{
  ""status"": ""negative"",
  ""score"": 0.95,
  ""evidence"": ""The report states 'The extensor mechanism is normal.' and 'The meniscopopliteal fascicles are intact.' There is no mention of a Baker cyst or popliteal cyst.""
}"
1.2.826.0.1.3680043.8.498.41600498783384864111179175518614837125,Contusion,0.95,1.0,positive,Bone contusion at the posterolateral tibial plateau,"{
  ""status"": ""positive"",
  ""score"": 0.95,
  ""evidence"": ""Bone contusion at the posterolateral tibial plateau""
}"
1.2.826.0.1.3680043.8.498.41600498783384864111179175518614837125,Fracture,0.95,1.0,positive,Bone contusion at the posterolateral tibial plateau,"{
  ""status"": ""positive"",
  ""score"": 0.95,
  ""evidence"": ""Bone contusion at the posterolateral tibial plateau""
}"
1.2.826.0.1.3680043.8.498.47921753480592595198052407850568677187,ACL,0.4,0.0,negative,"Anterior cruciate ligament is not mentioned as torn, ruptured, or disrupted. The report describes 'diffuse signal increase' in the anterior cruciate ligament (mucoid degeneration) but does not indicate a tear or disruption, which is required for a positive ACL classification.","{
  ""status"": ""negative"",
  ""score"": 0.95,
  ""evidence"": ""Anterior cruciate ligament is not mentioned as torn, ruptured, or disrupted. The report describes 'diffuse signal increase' in the anterior cruciate ligament (mucoid degeneration) but does not indicate a tear or disruption, which is required for a positive ACL classification.""
}"
1.2.826.0.1.3680043.8.498.47921753480592595198052407850568677187,MCL,0.75,1.0,positive,Medial kollateral ligamen çevresinde ödematöz görünüm mevcuttur ( grade I sprain ),"{
  ""status"": ""positive"",
  ""score"": 0.75,
  ""evidence"": ""Medial kollateral ligamen çevresinde ödematöz görünüm mevcuttur ( grade I sprain )""
}"
1.2.826.0.1.3680043.8.498.47921753480592595198052407850568677187,Medial Meniscus,0.95,1.0,positive,Medial menisküs posterior hornda grade III dejenerasyon ve horizontal yırtık izlendi,"{
  ""status"": ""positive"",
  ""score"": 0.95,
  ""evidence"": ""Medial menisküs posterior hornda grade III dejenerasyon ve horizontal yırtık izlendi""
}"
1.2.826.0.1.3680043.8.498.47921753480592595198052407850568677187,Lateral Meniscus,0.95,1.0,positive,Lateral menisküste grade I dejenerasyon izlendi,"{
  ""status"": ""positive"",
  ""score"": 0.95,
  ""evidence"": ""Lateral menisküste grade I dejenerasyon izlendi""
}"
1.2.826.0.1.3680043.8.498.47921753480592595198052407850568677187,Medial Femoral Condyle OA,0.95,1.0,positive,Femur medial kondil tibiofemoral eklem yüzüne bakan düzeyde subartiküler fraktür hattı ve komşu kemikte yaygın ödem izlendi,"{
  ""status"": ""positive"",
  ""score"": 0.95,
  ""evidence"": ""Femur medial kondil tibiofemoral eklem yüzüne bakan düzeyde subartiküler fraktür hattı ve komşu kemikte yaygın ödem izlendi""
}"
1.2.826.0.1.3680043.8.498.47921753480592595198052407850568677187,Lateral Femoral Condyle OA,0.95,1.0,positive,Femur medial kondil tibiofemoral eklem yüzüne bakan düzeyde subartiküler fraktür hattı ve komşu kemikte yaygın ödem izlendi,"{
  ""status"": ""positive"",
  ""score"": 0.95,
  ""evidence"": ""Femur medial kondil tibiofemoral eklem yüzüne bakan düzeyde subartiküler fraktür hattı ve komşu kemikte yaygın ödem izlendi""
}"
1.2.826.0.1.3680043.8.498.47921753480592595198052407850568677187,Patellofemoral OA,0.4,0.0,negative,"The report does not mention any degenerative or cartilage pathology involving the patella, trochlea, or patellofemoral compartment. The findings are localized to other structures such as the medial and lateral menisci, ACL, MCL, and bursa, but none are relevant to the patellofemoral compartment.","{
  ""status"": ""negative"",
  ""score"": 0.95,
  ""evidence"": ""The report does not mention any degenerative or cartilage pathology involving the patella, trochlea, or patellofemoral compartment. The findings are localized to other structures such as the medial and lateral menisci, ACL, MCL, and bursa, but none are relevant to the patellofemoral compartment.""
}"
1.2.826.0.1.3680043.8.498.47921753480592595198052407850568677187,Effusion,0.95,1.0,positive,"Suprapatellar bursada ,diz eklemi içerisinde yaygın sıvı artışı izlendi","{
  ""status"": ""positive"",
  ""score"": 0.95,
  ""evidence"": ""Suprapatellar bursada ,diz eklemi içerisinde yaygın sıvı artışı izlendi""
}"
1.2.826.0.1.3680043.8.498.47921753480592595198052407850568677187,Synovitis,0.95,1.0,positive,"Suprapatellar bursada ,diz eklemi içerisinde yaygın sıvı artışı izlendi","{
  ""status"": ""positive"",
  ""score"": 0.95,
  ""evidence"": ""Suprapatellar bursada ,diz eklemi içerisinde yaygın sıvı artışı izlendi""
}"
1.2.826.0.1.3680043.8.498.47921753480592595198052407850568677187,Baker's,0.4,0.0,negative,"Lateral kollateral ligamen normaldir. Medial kollateral ligamen çevresinde ödematöz görünüm mevcuttur (grade I sprain). Suprapatellar bursada ,diz eklemi içerisinde yaygın sıvı artışı izlendi. Arka çapraz bağ tibia yapışma düzeyinde subkondrial milimetrik kistler izlendi.","{
  ""status"": ""negative"",
  ""score"": 0.95,
  ""evidence"": ""Lateral kollateral ligamen normaldir. Medial kollateral ligamen çevresinde ödematöz görünüm mevcuttur (grade I sprain). Suprapatellar bursada ,diz eklemi içerisinde yaygın sıvı artışı izlendi. Arka çapraz bağ tibia yapışma düzeyinde subkondrial milimetrik kistler izlendi.""
}"
1.2.826.0.1.3680043.8.498.47921753480592595198052407850568677187,Contusion,0.95,1.0,positive,Femur medial kondil tibiofemoral eklem yüzüne bakan düzeyde subartiküler fraktür hattı ve komşu kemikte yaygın ödem izlendi,"{
  ""status"": ""positive"",
  ""score"": 0.95,
  ""evidence"": ""Femur medial kondil tibiofemoral eklem yüzüne bakan düzeyde subartiküler fraktür hattı ve komşu kemikte yaygın ödem izlendi""
}"
1.2.826.0.1.3680043.8.498.47921753480592595198052407850568677187,Fracture,0.95,1.0,positive,Femur medial kondil tibiofemoral eklem yüzüne bakan düzeyde subartiküler fraktür hattı ve komşu kemikte yaygın ödem izlendi,"{
  ""status"": ""positive"",
  ""score"": 0.95,
  ""evidence"": ""Femur medial kondil tibiofemoral eklem yüzüne bakan düzeyde subartiküler fraktür hattı ve komşu kemikte yaygın ödem izlendi""
}"
1.2.826.0.1.3680043.8.498.48348615349418615469875801439348424274,ACL,0.4,0.0,negative,"The report states 'El ligamento colateral medial' is within normal limits and describes 'engrosamiento y aumento de señal con pérdida parcial de la continuidad del tercio medio proximal del componente superficial del ligamento colateral medial' which indicates a partial tear but does not confirm a complete tear or rupture. However, the report also states 'El resto de los componentes del complejo medial dentro de límites normales' which implies the ACL is intact.","{
  ""status"": ""negative"",
  ""score"": 0.95,
  ""evidence"": ""The report states 'El ligamento colateral medial' is within normal limits and describes 'engrosamiento y aumento de señal con pérdida parcial de la continuidad del tercio medio proximal del componente superficial del ligamento colateral medial' which indicates a partial tear but does not confirm a complete tear or rupture. However, the report also states 'El resto de los componentes del complejo medial dentro de límites normales' which implies the ACL is intact.""
}"
1.2.826.0.1.3680043.8.498.48348615349418615469875801439348424274,MCL,0.95,1.0,positive,Engrosamiento y aumento de señal con pérdida parcial de la continuidad del tercio medio proximal del componente superficial del ligamento colateral medial,"{
  ""status"": ""positive"",
  ""score"": 0.95,
  ""evidence"": ""Engrosamiento y aumento de señal con pérdida parcial de la continuidad del tercio medio proximal del componente superficial del ligamento colateral medial""
}"
1.2.826.0.1.3680043.8.498.48348615349418615469875801439348424274,Medial Meniscus,0.75,1.0,positive,"Menisco medial de morfología conservada, con aumento de señal del meniscocapsular a su cuerno posterior.","{
  ""status"": ""positive"",
  ""score"": 0.75,
  ""evidence"": ""Menisco medial de morfología conservada, con aumento de señal del meniscocapsular a su cuerno posterior.""
}"
1.2.826.0.1.3680043.8.498.48348615349418615469875801439348424274,Lateral Meniscus,0.4,0.0,negative,"El menisco lateral es de morfología y señal conservada, sin signos de rotura.","{
  ""status"": ""negative"",
  ""score"": 0.95,
  ""evidence"": ""El menisco lateral es de morfología y señal conservada, sin signos de rotura.""
}"
1.2.826.0.1.3680043.8.498.48348615349418615469875801439348424274,Medial Femoral Condyle OA,0.4,0.0,negative,Cartílagos de los compartimentos femorotibiales y patelofemorales sin alteraciones,"{
  ""status"": ""negative"",
  ""score"": 0.95,
  ""evidence"": ""Cartílagos de los compartimentos femorotibiales y patelofemorales sin alteraciones""
}"
1.2.826.0.1.3680043.8.498.48348615349418615469875801439348424274,Lateral Femoral Condyle OA,0.4,0.0,negative,Cartílagos de los compartimentos femorotibiales y patelofemorales sin alteraciones,"{
  ""status"": ""negative"",
  ""score"": 0.95,
  ""evidence"": ""Cartílagos de los compartimentos femorotibiales y patelofemorales sin alteraciones""
}"
1.2.826.0.1.3680043.8.498.48348615349418615469875801439348424274,Patellofemoral OA,0.4,0.0,negative,Cartílagos de los compartimentos femorotibiales y patelofemorales sin alteraciones,"{
  ""status"": ""negative"",
  ""score"": 0.95,
  ""evidence"": ""Cartílagos de los compartimentos femorotibiales y patelofemorales sin alteraciones""
}"
1.2.826.0.1.3680043.8.498.48348615349418615469875801439348424274,Effusion,0.95,1.0,positive,Leve derrame articular,"{
  ""status"": ""positive"",
  ""score"": 0.95,
  ""evidence"": ""Leve derrame articular""
}"
1.2.826.0.1.3680043.8.498.48348615349418615469875801439348424274,Synovitis,0.4,0.0,negative,No synovitis is mentioned in the report. The report describes a meniscocapsular signal increase but does not mention synovial inflammation or any direct equivalent of synovitis.,"{
  ""status"": ""negative"",
  ""score"": 0.95,
  ""evidence"": ""No synovitis is mentioned in the report. The report describes a meniscocapsular signal increase but does not mention synovial inflammation or any direct equivalent of synovitis.""
}"
1.2.826.0.1.3680043.8.498.48348615349418615469875801439348424274,Baker's,0.95,1.0,positive,Pequeño quiste poplíteo,"{
  ""status"": ""positive"",
  ""score"": 0.95,
  ""evidence"": ""Pequeño quiste poplíteo""
}"
1.2.826.0.1.3680043.8.498.48348615349418615469875801439348424274,Contusion,0.4,0.0,negative,No hay alteraciones de señal significativas de la médula ósea,"{
  ""status"": ""negative"",
  ""score"": 0.95,
  ""evidence"": ""No hay alteraciones de señal significativas de la médula ósea""
}"
1.2.826.0.1.3680043.8.498.48348615349418615469875801439348424274,Fracture,0.4,0.0,negative,No hay alteraciones de señal significativas de la médula ósea.,"{
  ""status"": ""negative"",
  ""score"": 0.95,
  ""evidence"": ""No hay alteraciones de señal significativas de la médula ósea.""
}"
1.2.826.0.1.3680043.8.498.48946580946665031852355005294734101132,ACL,0.95,1.0,positive,High-grade partial-thickness tear involving the anterior cruciate ligament near the femoral attachment,"{
  ""status"": ""positive"",
  ""score"": 0.95,
  ""evidence"": ""High-grade partial-thickness tear involving the anterior cruciate ligament near the femoral attachment""
}"
1.2.826.0.1.3680043.8.498.48946580946665031852355005294734101132,MCL,0.75,1.0,positive,Low-grade partial-thickness tear involving the proximal fibers of the superficial and deep medial collateral ligament.,"{
  ""status"": ""positive"",
  ""score"": 0.75,
  ""evidence"": ""Low-grade partial-thickness tear involving the proximal fibers of the superficial and deep medial collateral ligament.""
}"
1.2.826.0.1.3680043.8.498.48946580946665031852355005294734101132,Medial Meniscus,0.4,0.0,negative,The medial meniscus is intact.,"{
  ""status"": ""negative"",
  ""score"": 0.95,
  ""evidence"": ""The medial meniscus is intact.""
}"
1.2.826.0.1.3680043.8.498.48946580946665031852355005294734101132,Lateral Meniscus,0.4,0.0,negative,The lateral meniscus is intact.,"{
  ""status"": ""negative"",
  ""score"": 0.95,
  ""evidence"": ""The lateral meniscus is intact.""
}"
1.2.826.0.1.3680043.8.498.48946580946665031852355005294734101132,Medial Femoral Condyle OA,0.4,0.0,negative,Preserved medial and lateral femorotibial articular cartilage.,"{
  ""status"": ""negative"",
  ""score"": 0.95,
  ""evidence"": ""Preserved medial and lateral femorotibial articular cartilage.""
}"
1.2.826.0.1.3680043.8.498.48946580946665031852355005294734101132,Lateral Femoral Condyle OA,0.4,0.0,negative,Preserved medial and lateral femorotibial articular cartilage.,"{
  ""status"": ""negative"",
  ""score"": 0.95,
  ""evidence"": ""Preserved medial and lateral femorotibial articular cartilage.""
}"
1.2.826.0.1.3680043.8.498.48946580946665031852355005294734101132,Patellofemoral OA,0.75,1.0,positive,Scattered foci of mild chondrosis throughout the patellofemoral compartment,"{
  ""status"": ""positive"",
  ""score"": 0.75,
  ""evidence"": ""Scattered foci of mild chondrosis throughout the patellofemoral compartment""
}"
1.2.826.0.1.3680043.8.498.48946580946665031852355005294734101132,Effusion,0.95,1.0,positive,Small knee joint effusion,"{
  ""status"": ""positive"",
  ""score"": 0.95,
  ""evidence"": ""Small knee joint effusion""
}"
1.2.826.0.1.3680043.8.498.48946580946665031852355005294734101132,Synovitis,0.4,0.0,negative,Small knee joint effusion. Regional musculature is within normal limits. No suspicious focal marrow signal alteration.,"{
  ""status"": ""negative"",
  ""score"": 0.95,
  ""evidence"": ""Small knee joint effusion. Regional musculature is within normal limits. No suspicious focal marrow signal alteration.""
}"
1.2.826.0.1.3680043.8.498.48946580946665031852355005294734101132,Baker's,0.4,0.0,negative,The report states 'intact menisci' and 'no evidence of Baker's cyst' in the impression section.,"{
  ""status"": ""negative"",
  ""score"": 0.95,
  ""evidence"": ""The report states 'intact menisci' and 'no evidence of Baker's cyst' in the impression section.""
}"
1.2.826.0.1.3680043.8.498.48946580946665031852355005294734101132,Contusion,0.4,0.0,negative,No suspicious focal marrow signal alteration,"{
  ""status"": ""negative"",
  ""score"": 0.95,
  ""evidence"": ""No suspicious focal marrow signal alteration""
}"
1.2.826.0.1.3680043.8.498.48946580946665031852355005294734101132,Fracture,0.4,0.0,negative,"The report states 'no fracture' and 'no suspicious focal marrow signal alteration', which are explicit negatives for Fracture.","{
  ""status"": ""negative"",
  ""score"": 0.95,
  ""evidence"": ""The report states 'no fracture' and 'no suspicious focal marrow signal alteration', which are explicit negatives for Fracture.""
}"
1.2.826.0.1.3680043.8.498.54977581323931277817074741182670080450,ACL,0.4,0.0,negative,Ligamentos cruzados y colaterales dentro de límites normales,"{
  ""status"": ""negative"",
  ""score"": 0.95,
  ""evidence"": ""Ligamentos cruzados y colaterales dentro de límites normales""
}"
1.2.826.0.1.3680043.8.498.54977581323931277817074741182670080450,MCL,0.4,0.0,negative,Ligamentos cruzados y colaterales dentro de límites normales,"{
  ""status"": ""negative"",
  ""score"": 0.95,
  ""evidence"": ""Ligamentos cruzados y colaterales dentro de límites normales""
}"
1.2.826.0.1.3680043.8.498.54977581323931277817074741182670080450,Medial Meniscus,0.4,0.0,negative,"No alteraciones en significativas de la médula ósea. Aumento de señal central del cuerno posterior y cuerpo del menisco medial que no impresiona contactar con la superficie articular, sin caracteres propios de rotura.","{
  ""status"": ""negative"",
  ""score"": 0.95,
  ""evidence"": ""No alteraciones en significativas de la médula ósea. Aumento de señal central del cuerno posterior y cuerpo del menisco medial que no impresiona contactar con la superficie articular, sin caracteres propios de rotura.""
}"
1.2.826.0.1.3680043.8.498.54977581323931277817074741182670080450,Lateral Meniscus,0.95,1.0,positive,"Rotura del cuerno anterior, cuerpo y parte del cuerno posterior del menisco lateral","{
  ""status"": ""positive"",
  ""score"": 0.95,
  ""evidence"": ""Rotura del cuerno anterior, cuerpo y parte del cuerno posterior del menisco lateral""
}"
1.2.826.0.1.3680043.8.498.54977581323931277817074741182670080450,Medial Femoral Condyle OA,0.4,0.0,negative,Cartílagos del compartimento femorotibial medial y de la tróclea femoral sin alteraciones,"{
  ""status"": ""negative"",
  ""score"": 0.95,
  ""evidence"": ""Cartílagos del compartimento femorotibial medial y de la tróclea femoral sin alteraciones""
}"
1.2.826.0.1.3680043.8.498.54977581323931277817074741182670080450,Lateral Femoral Condyle OA,0.95,1.0,positive,Úlceras condrales de espesor parcial y prácticamente total de la zona de carga del compartimento femorotibial lateral,"{
  ""status"": ""positive"",
  ""score"": 0.95,
  ""evidence"": ""Úlceras condrales de espesor parcial y prácticamente total de la zona de carga del compartimento femorotibial lateral""
}"
1.2.826.0.1.3680043.8.498.54977581323931277817074741182670080450,Patellofemoral OA,0.85,1.0,positive,Condropatía rotuliana superficial la faceta lateral.,"{
  ""status"": ""positive"",
  ""score"": 0.85,
  ""evidence"": ""Condropatía rotuliana superficial la faceta lateral.""
}"
1.2.826.0.1.3680043.8.498.54977581323931277817074741182670080450,Effusion,0.95,1.0,positive,Leve derrame articular,"{
  ""status"": ""positive"",
  ""score"": 0.95,
  ""evidence"": ""Leve derrame articular""
}"
1.2.826.0.1.3680043.8.498.54977581323931277817074741182670080450,Synovitis,0.95,1.0,positive,mínima sinovitis,"{
  ""status"": ""positive"",
  ""score"": 0.95,
  ""evidence"": ""mínima sinovitis""
}"
1.2.826.0.1.3680043.8.498.54977581323931277817074741182670080450,Baker's,0.4,0.0,negative,No Baker's cyst is mentioned in the report.,"{
  ""status"": ""negative"",
  ""score"": 0.95,
  ""evidence"": ""No Baker's cyst is mentioned in the report.""
}"
1.2.826.0.1.3680043.8.498.54977581323931277817074741182670080450,Contusion,0.4,0.0,negative,No hay alteraciones en significativas de la médula ósea,"{
  ""status"": ""negative"",
  ""score"": 0.95,
  ""evidence"": ""No hay alteraciones en significativas de la médula ósea""
}"
1.2.826.0.1.3680043.8.498.54977581323931277817074741182670080450,Fracture,0.4,0.0,negative,No hay alteraciones en significativas de la médula ósea,"{
  ""status"": ""negative"",
  ""score"": 0.95,
  ""evidence"": ""No hay alteraciones en significativas de la médula ósea""
}"
1.2.826.0.1.3680043.8.498.56512564464301544960446419143135447363,ACL,0.4,0.0,negative,ACL normal,"{
  ""status"": ""negative"",
  ""score"": 0.95,
  ""evidence"": ""ACL normal""
}"
1.2.826.0.1.3680043.8.498.56512564464301544960446419143135447363,MCL,0.4,0.0,negative,MCL normal,"{
  ""status"": ""negative"",
  ""score"": 0.95,
  ""evidence"": ""MCL normal""
}"
1.2.826.0.1.3680043.8.498.56512564464301544960446419143135447363,Medial Meniscus,0.95,1.0,positive,Medial meniscus mucoid degeneration,"{
  ""status"": ""positive"",
  ""score"": 0.95,
  ""evidence"": ""Medial meniscus mucoid degeneration""
}"
1.2.826.0.1.3680043.8.498.56512564464301544960446419143135447363,Lateral Meniscus,0.4,0.0,negative,Lateral meniscus normal,"{
  ""status"": ""negative"",
  ""score"": 0.95,
  ""evidence"": ""Lateral meniscus normal""
}"
1.2.826.0.1.3680043.8.498.56512564464301544960446419143135447363,Medial Femoral Condyle OA,0.95,1.0,positive,OA of medial compartment,"{
  ""status"": ""positive"",
  ""score"": 0.95,
  ""evidence"": ""OA of medial compartment""
}"
1.2.826.0.1.3680043.8.498.56512564464301544960446419143135447363,Lateral Femoral Condyle OA,0.4,0.0,negative,OA of medial compartment,"{
  ""status"": ""negative"",
  ""score"": 0.95,
  ""evidence"": ""OA of medial compartment""
}"
1.2.826.0.1.3680043.8.498.56512564464301544960446419143135447363,Patellofemoral OA,0.4,0.0,negative,OA of medial compartment,"{
  ""status"": ""negative"",
  ""score"": 0.95,
  ""evidence"": ""OA of medial compartment""
}"
1.2.826.0.1.3680043.8.498.56512564464301544960446419143135447363,Effusion,0.95,1.0,positive,Effusion with synovitis,"{
  ""status"": ""positive"",
  ""score"": 0.95,
  ""evidence"": ""Effusion with synovitis""
}"
1.2.826.0.1.3680043.8.498.56512564464301544960446419143135447363,Synovitis,0.95,1.0,positive,Effusion with synovitis,"{
  ""status"": ""positive"",
  ""score"": 0.95,
  ""evidence"": ""Effusion with synovitis""
}"
1.2.826.0.1.3680043.8.498.56512564464301544960446419143135447363,Baker's,0.4,0.0,negative,No baker's cyst,"{
  ""status"": ""negative"",
  ""score"": 0.95,
  ""evidence"": ""No baker's cyst""
}"
1.2.826.0.1.3680043.8.498.56512564464301544960446419143135447363,Contusion,0.4,0.0,negative,"The report states 'no baker's cyst' and 'effusion with synovitis', but there is no mention of bone contusion or any explicit evidence of contusion. The report does not describe bone contusion, osseous contusion, or bone bruise, which are required for a positive classification.","{
  ""status"": ""negative"",
  ""score"": 0.95,
  ""evidence"": ""The report states 'no baker's cyst' and 'effusion with synovitis', but there is no mention of bone contusion or any explicit evidence of contusion. The report does not describe bone contusion, osseous contusion, or bone bruise, which are required for a positive classification.""
}"
1.2.826.0.1.3680043.8.498.56512564464301544960446419143135447363,Fracture,0.4,0.0,negative,ACL normal. MCL normal. Lateral meniscus normal. No baker's cyst. No fracture mentioned.,"{
  ""status"": ""negative"",
  ""score"": 0.95,
  ""evidence"": ""ACL normal. MCL normal. Lateral meniscus normal. No baker's cyst. No fracture mentioned.""
}"
1.2.826.0.1.3680043.8.498.59483999067816153759785789654766826710,ACL,0.95,1.0,positive,МР данни за руптура на предната кръстна връзка,"{
  ""status"": ""positive"",
  ""score"": 0.95,
  ""evidence"": ""МР данни за руптура на предната кръстна връзка""
}"
1.2.826.0.1.3680043.8.498.59483999067816153759785789654766826710,MCL,0.95,1.0,positive,МР данни за скъсване на предната кръстна връзка,"{
  ""status"": ""positive"",
  ""score"": 0.95,
  ""evidence"": ""МР данни за скъсване на предната кръстна връзка""
}"
1.2.826.0.1.3680043.8.498.59483999067816153759785789654766826710,Medial Meniscus,0.4,0.0,negative,Менискуси – без особености,"{
  ""status"": ""negative"",
  ""score"": 0.95,
  ""evidence"": ""Менискуси – без особености""
}"
1.2.826.0.1.3680043.8.498.59483999067816153759785789654766826710,Lateral Meniscus,0.4,0.0,negative,Менискуси – без особености,"{
  ""status"": ""negative"",
  ""score"": 0.95,
  ""evidence"": ""Менискуси – без особености""
}"
1.2.826.0.1.3680043.8.498.59483999067816153759785789654766826710,Medial Femoral Condyle OA,0.4,0.0,negative,Ставният хрущял е интактен,"{
  ""status"": ""negative"",
  ""score"": 0.95,
  ""evidence"": ""Ставният хрущял е интактен""
}"
1.2.826.0.1.3680043.8.498.59483999067816153759785789654766826710,Lateral Femoral Condyle OA,0.4,0.0,negative,Ставният хрущял е интактен,"{
  ""status"": ""negative"",
  ""score"": 0.95,
  ""evidence"": ""Ставният хрущял е интактен""
}"
1.2.826.0.1.3680043.8.498.59483999067816153759785789654766826710,Patellofemoral OA,0.4,0.0,negative,Ставният хрущял е интактен,"{
  ""status"": ""negative"",
  ""score"": 0.95,
  ""evidence"": ""Ставният хрущял е интактен""
}"
1.2.826.0.1.3680043.8.498.59483999067816153759785789654766826710,Effusion,0.95,1.0,positive,Оток на меките тъкани около коляното,"{
  ""status"": ""positive"",
  ""score"": 0.95,
  ""evidence"": ""Оток на меките тъкани около коляното""
}"
1.2.826.0.1.3680043.8.498.59483999067816153759785789654766826710,Synovitis,0.4,0.0,negative,Оток на меките тъкани около коляното,"{
  ""status"": ""negative"",
  ""score"": 0.95,
  ""evidence"": ""Оток на меките тъкани около коляното""
}"
1.2.826.0.1.3680043.8.498.59483999067816153759785789654766826710,Baker's,0.4,0.0,negative,Менискуси – без особености. Ставният хрущял е интактен. Сухожилие на м.квадрицепс феморис и лигамент на пателата – нормално изобразяване. Оток на меките тъкани около коляното.,"{
  ""status"": ""negative"",
  ""score"": 0.95,
  ""evidence"": ""Менискуси – без особености. Ставният хрущял е интактен. Сухожилие на м.квадрицепс феморис и лигамент на пателата – нормално изобразяване. Оток на меките тъкани около коляното.""
}"
1.2.826.0.1.3680043.8.498.59483999067816153759785789654766826710,Contusion,0.95,1.0,positive,Контузионен костно-мозъчен едем се визуализира и в латералния феморален кондил,"{
  ""status"": ""positive"",
  ""score"": 0.95,
  ""evidence"": ""Контузионен костно-мозъчен едем се визуализира и в латералния феморален кондил""
}"
1.2.826.0.1.3680043.8.498.59483999067816153759785789654766826710,Fracture,0.95,1.0,positive,МР данни за фрактура в областта на латералното тибиално плато,"{
  ""status"": ""positive"",
  ""score"": 0.95,
  ""evidence"": ""МР данни за фрактура в областта на латералното тибиално плато""
}"
1.2.826.0.1.3680043.8.498.62465595376489211274225312453216559395,ACL,0.95,1.0,positive,Complete rupture of the ACL,"{
  ""status"": ""positive"",
  ""score"": 0.95,
  ""evidence"": ""Complete rupture of the ACL""
}"
1.2.826.0.1.3680043.8.498.62465595376489211274225312453216559395,MCL,0.95,1.0,positive,Complete rupture of the MCL at the level of the medial jointline,"{
  ""status"": ""positive"",
  ""score"": 0.95,
  ""evidence"": ""Complete rupture of the MCL at the level of the medial jointline""
}"
1.2.826.0.1.3680043.8.498.62465595376489211274225312453216559395,Medial Meniscus,0.95,1.0,positive,There is a vertical tear in the periphery of the posterior horn of the medial meniscus.,"{
  ""status"": ""positive"",
  ""score"": 0.95,
  ""evidence"": ""There is a vertical tear in the periphery of the posterior horn of the medial meniscus.""
}"
1.2.826.0.1.3680043.8.498.62465595376489211274225312453216559395,Lateral Meniscus,0.4,0.0,negative,No lateral meniscal tear,"{
  ""status"": ""negative"",
  ""score"": 0.95,
  ""evidence"": ""No lateral meniscal tear""
}"
1.2.826.0.1.3680043.8.498.62465595376489211274225312453216559395,Medial Femoral Condyle OA,0.4,0.0,negative,Medial compartment cartilage is intact.,"{
  ""status"": ""negative"",
  ""score"": 0.95,
  ""evidence"": ""Medial compartment cartilage is intact.""
}"
1.2.826.0.1.3680043.8.498.62465595376489211274225312453216559395,Lateral Femoral Condyle OA,0.4,0.0,negative,Medial compartment cartilage is intact. No cartilage defects in the trochlea. Small congruent at the posterior aspect of the medial tibial plateau.,"{
  ""status"": ""negative"",
  ""score"": 0.95,
  ""evidence"": ""Medial compartment cartilage is intact. No cartilage defects in the trochlea. Small congruent at the posterior aspect of the medial tibial plateau.""
}"
1.2.826.0.1.3680043.8.498.62465595376489211274225312453216559395,Patellofemoral OA,0.4,0.0,negative,Slight chondrosis medial patella. No cartilage defects in the trochlea. Small congruent at the posterior aspect of the medial tibial plateau.,"{
  ""status"": ""negative"",
  ""score"": 0.95,
  ""evidence"": ""Slight chondrosis medial patella. No cartilage defects in the trochlea. Small congruent at the posterior aspect of the medial tibial plateau.""
}"
1.2.826.0.1.3680043.8.498.62465595376489211274225312453216559395,Effusion,0.95,1.0,positive,Small joint effusion,"{
  ""status"": ""positive"",
  ""score"": 0.95,
  ""evidence"": ""Small joint effusion""
}"
1.2.826.0.1.3680043.8.498.62465595376489211274225312453216559395,Synovitis,0.4,0.0,negative,Small joint effusion. Circumferential soft tissue swelling and edema about the knee.,"{
  ""status"": ""negative"",
  ""score"": 0.95,
  ""evidence"": ""Small joint effusion. Circumferential soft tissue swelling and edema about the knee.""
}"
1.2.826.0.1.3680043.8.498.62465595376489211274225312453216559395,Baker's,0.4,0.0,negative,"The report does not mention a Baker cyst or popliteal cyst. The findings include joint effusion and soft tissue swelling, but these are not equivalent to a Baker's cyst.","{
  ""status"": ""negative"",
  ""score"": 0.95,
  ""evidence"": ""The report does not mention a Baker cyst or popliteal cyst. The findings include joint effusion and soft tissue swelling, but these are not equivalent to a Baker's cyst.""
}"
1.2.826.0.1.3680043.8.498.62465595376489211274225312453216559395,Contusion,0.95,1.0,positive,Subchondral fracture in the lateral tibial plateau extending for an AP dimension of 2.7 cm with underlying bony edema. Findings are consistent with an osteochondral impaction fracture. Tiny bone bruise at the posterior aspect of the lateral tibial plateau.,"{
  ""status"": ""positive"",
  ""score"": 0.95,
  ""evidence"": ""Subchondral fracture in the lateral tibial plateau extending for an AP dimension of 2.7 cm with underlying bony edema. Findings are consistent with an osteochondral impaction fracture. Tiny bone bruise at the posterior aspect of the lateral tibial plateau.""
}"
1.2.826.0.1.3680043.8.498.62465595376489211274225312453216559395,Fracture,0.95,1.0,positive,Subchondral fracture in the lateral tibial plateau extending for an AP dimension of 2.7 cm with underlying bony edema.,"{
  ""status"": ""positive"",
  ""score"": 0.95,
  ""evidence"": ""Subchondral fracture in the lateral tibial plateau extending for an AP dimension of 2.7 cm with underlying bony edema.""
}"
1.2.826.0.1.3680043.8.498.62549354677638403845904556149868367236,ACL,0.95,1.0,positive,Volledige ruptuur van de voorste kruisband,"{
  ""status"": ""positive"",
  ""score"": 0.95,
  ""evidence"": ""Volledige ruptuur van de voorste kruisband""
}"
1.2.826.0.1.3680043.8.498.62549354677638403845904556149868367236,MCL,0.85,1.0,positive,"Partiële scheur proximaal op het mediale collaterale ligament, graad 2","{
  ""status"": ""positive"",
  ""score"": 0.85,
  ""evidence"": ""Partiële scheur proximaal op het mediale collaterale ligament, graad 2""
}"
1.2.826.0.1.3680043.8.498.62549354677638403845904556149868367236,Medial Meniscus,0.4,0.0,negative,Normaal voorkomen menisci,"{
  ""status"": ""negative"",
  ""score"": 0.95,
  ""evidence"": ""Normaal voorkomen menisci""
}"
1.2.826.0.1.3680043.8.498.62549354677638403845904556149868367236,Lateral Meniscus,0.4,0.0,negative,Normaal voorkomen menisci,"{
  ""status"": ""negative"",
  ""score"": 0.95,
  ""evidence"": ""Normaal voorkomen menisci""
}"
1.2.826.0.1.3680043.8.498.62549354677638403845904556149868367236,Medial Femoral Condyle OA,0.4,0.0,negative,Normaal voorkomen kraakbeen,"{
  ""status"": ""negative"",
  ""score"": 0.95,
  ""evidence"": ""Normaal voorkomen kraakbeen""
}"
1.2.826.0.1.3680043.8.498.62549354677638403845904556149868367236,Lateral Femoral Condyle OA,0.4,0.0,negative,Normaal voorkomen kraakbeen,"{
  ""status"": ""negative"",
  ""score"": 0.95,
  ""evidence"": ""Normaal voorkomen kraakbeen""
}"
1.2.826.0.1.3680043.8.498.62549354677638403845904556149868367236,Patellofemoral OA,0.4,0.0,negative,Normaal voorkomen kraakbeen,"{
  ""status"": ""negative"",
  ""score"": 0.95,
  ""evidence"": ""Normaal voorkomen kraakbeen""
}"
1.2.826.0.1.3680043.8.498.62549354677638403845904556149868367236,Effusion,0.95,1.0,positive,Matige opzetting van suprapatellaire recessus,"{
  ""status"": ""positive"",
  ""score"": 0.95,
  ""evidence"": ""Matige opzetting van suprapatellaire recessus""
}"
1.2.826.0.1.3680043.8.498.62549354677638403845904556149868367236,Synovitis,0.4,0.0,negative,Normaal voorkomen kraakbeen,"{
  ""status"": ""negative"",
  ""score"": 0.95,
  ""evidence"": ""Normaal voorkomen kraakbeen""
}"
1.2.826.0.1.3680043.8.498.62549354677638403845904556149868367236,Baker's,0.4,0.0,negative,Normaal voorkomen menisci,"{
  ""status"": ""negative"",
  ""score"": 0.95,
  ""evidence"": ""Normaal voorkomen menisci""
}"
1.2.826.0.1.3680043.8.498.62549354677638403845904556149868367236,Contusion,0.95,1.0,positive,Minstens botcontusie,"{
  ""status"": ""positive"",
  ""score"": 0.95,
  ""evidence"": ""Minstens botcontusie""
}"
1.2.826.0.1.3680043.8.498.62549354677638403845904556149868367236,Fracture,0.95,1.0,positive,Impactiefractuur op centraal dragende deel van de laterale femorale condylen,"{
  ""status"": ""positive"",
  ""score"": 0.95,
  ""evidence"": ""Impactiefractuur op centraal dragende deel van de laterale femorale condylen""
}"
1.2.826.0.1.3680043.8.498.64408609256163127278435484217683272910,ACL,0.95,1.0,positive,"Prednji križni ligament održanog kontinuiteta, umjereno do teško degenerativno promijenjen","{
  ""status"": ""positive"",
  ""score"": 0.95,
  ""evidence"": ""Prednji križni ligament održanog kontinuiteta, umjereno do teško degenerativno promijenjen""
}"
1.2.826.0.1.3680043.8.498.64408609256163127278435484217683272910,MCL,0.4,0.0,negative,"Lateralni i medijalni kolateralni ligamenti su primjerenih intenziteta signala, održanog kontinuiteta.","{
  ""status"": ""negative"",
  ""score"": 0.95,
  ""evidence"": ""Lateralni i medijalni kolateralni ligamenti su primjerenih intenziteta signala, održanog kontinuiteta.""
}"
1.2.826.0.1.3680043.8.498.64408609256163127278435484217683272910,Medial Meniscus,0.95,1.0,positive,"Degenerativno promijenjen medijalni menisk, osobito u području trupa i stražnjeg roga gdje se prati kompleksna ruptura s radijalnom i horizontalnom komponentom koja se pruža prema femoralnoj plohi","{
  ""status"": ""positive"",
  ""score"": 0.95,
  ""evidence"": ""Degenerativno promijenjen medijalni menisk, osobito u području trupa i stražnjeg roga gdje se prati kompleksna ruptura s radijalnom i horizontalnom komponentom koja se pruža prema femoralnoj plohi""
}"
1.2.826.0.1.3680043.8.498.64408609256163127278435484217683272910,Lateral Meniscus,0.95,1.0,positive,Lateral menisk bez znakova rupture blaže degenerativno promijenjen u prednjem rogu i prednjem korijenu,"{
  ""status"": ""positive"",
  ""score"": 0.95,
  ""evidence"": ""Lateral menisk bez znakova rupture blaže degenerativno promijenjen u prednjem rogu i prednjem korijenu""
}"
1.2.826.0.1.3680043.8.498.64408609256163127278435484217683272910,Medial Femoral Condyle OA,0.95,1.0,positive,Obzirom erozivne promjene zglobne hrskavice medijalnog kompartmenta femorotibijalnog zgloba opisano vjerojatno u sklopu OA promjena,"{
  ""status"": ""positive"",
  ""score"": 0.95,
  ""evidence"": ""Obzirom erozivne promjene zglobne hrskavice medijalnog kompartmenta femorotibijalnog zgloba opisano vjerojatno u sklopu OA promjena""
}"
1.2.826.0.1.3680043.8.498.64408609256163127278435484217683272910,Lateral Femoral Condyle OA,0.4,0.0,negative,no focal chondrosis or chondral injury in the lateral compartment,"{
  ""status"": ""negative"",
  ""score"": 0.95,
  ""evidence"": ""no focal chondrosis or chondral injury in the lateral compartment""
}"
1.2.826.0.1.3680043.8.498.64408609256163127278435484217683272910,Patellofemoral OA,0.95,1.0,positive,Obzirom erozivne promjene zglobne hrskavice medijalnog kompartmenta femorotibijalnog zgloba opisano vjerojatno u sklopu OA promjena,"{
  ""status"": ""positive"",
  ""score"": 0.95,
  ""evidence"": ""Obzirom erozivne promjene zglobne hrskavice medijalnog kompartmenta femorotibijalnog zgloba opisano vjerojatno u sklopu OA promjena""
}"
1.2.826.0.1.3680043.8.498.64408609256163127278435484217683272910,Effusion,0.95,1.0,positive,Manja količina izljeva u zglob,"{
  ""status"": ""positive"",
  ""score"": 0.95,
  ""evidence"": ""Manja količina izljeva u zglob""
}"
1.2.826.0.1.3680043.8.498.64408609256163127278435484217683272910,Synovitis,0.95,1.0,positive,Burzitis tetive popliteusa,"{
  ""status"": ""positive"",
  ""score"": 0.95,
  ""evidence"": ""Burzitis tetive popliteusa""
}"
1.2.826.0.1.3680043.8.498.64408609256163127278435484217683272910,Baker's,0.95,1.0,positive,Baker cista veličine 22x31x37 mm (apxllxcc),"{
  ""status"": ""positive"",
  ""score"": 0.95,
  ""evidence"": ""Baker cista veličine 22x31x37 mm (apxllxcc)""
}"
1.2.826.0.1.3680043.8.498.64408609256163127278435484217683272910,Contusion,0.4,0.0,negative,No bone contusion or osseous contusion is explicitly mentioned in the report.,"{
  ""status"": ""negative"",
  ""score"": 0.95,
  ""evidence"": ""No bone contusion or osseous contusion is explicitly mentioned in the report.""
}"
1.2.826.0.1.3680043.8.498.64408609256163127278435484217683272910,Fracture,0.4,0.0,negative,"Prednji križni ligament održanog kontinuiteta, stražnji križni ligament je primjerenih intenziteta signala i održanog kontinuiteta. Lateralni i medijalni kolateralni ligamenti su primjerenih intenziteta signala, održanog kontinuiteta. Patelarni ligament su primjerenih intenziteta signala, održanog kontinuiteta.","{
  ""status"": ""negative"",
  ""score"": 0.95,
  ""evidence"": ""Prednji križni ligament održanog kontinuiteta, stražnji križni ligament je primjerenih intenziteta signala i održanog kontinuiteta. Lateralni i medijalni kolateralni ligamenti su primjerenih intenziteta signala, održanog kontinuiteta. Patelarni ligament su primjerenih intenziteta signala, održanog kontinuiteta.""
}"
1.2.826.0.1.3680043.8.498.64703506772167798469048460791472465039,ACL,0.85,1.0,positive,"Anterior cruciate ligament: The distal bony avulsion with laxity of the ACL, showing some internal high T2 signal changes compatible with additional low-grade partial ligamentous tear.","{
  ""status"": ""positive"",
  ""score"": 0.85,
  ""evidence"": ""Anterior cruciate ligament: The distal bony avulsion with laxity of the ACL, showing some internal high T2 signal changes compatible with additional low-grade partial ligamentous tear.""
}"
1.2.826.0.1.3680043.8.498.64703506772167798469048460791472465039,MCL,0.95,1.0,positive,Medial collateral ligament: Complete tear of the superficial portion at the mid to distal third.,"{
  ""status"": ""positive"",
  ""score"": 0.95,
  ""evidence"": ""Medial collateral ligament: Complete tear of the superficial portion at the mid to distal third.""
}"
1.2.826.0.1.3680043.8.498.64703506772167798469048460791472465039,Medial Meniscus,0.95,1.0,positive,"Medial meniscus: Mild nonspecific signal changes of the meniscal body, with evidence of small horizontal oblique tear extending to the femoral surface. No other significant tear.","{
  ""status"": ""positive"",
  ""score"": 0.95,
  ""evidence"": ""Medial meniscus: Mild nonspecific signal changes of the meniscal body, with evidence of small horizontal oblique tear extending to the femoral surface. No other significant tear.""
}"
1.2.826.0.1.3680043.8.498.64703506772167798469048460791472465039,Lateral Meniscus,0.85,1.0,positive,Lateral meniscus: Mild nonspecific signal changes at the anterior horn compatible with low-grade tearing. Evidence of small Wrisberg rip-type longitudinal tear of the periphery of the posterior horn. Complete tear of the inferior meniscal popliteal fascicle compatible with posterior lateral corner injury.,"{
  ""status"": ""positive"",
  ""score"": 0.85,
  ""evidence"": ""Lateral meniscus: Mild nonspecific signal changes at the anterior horn compatible with low-grade tearing. Evidence of small Wrisberg rip-type longitudinal tear of the periphery of the posterior horn. Complete tear of the inferior meniscal popliteal fascicle compatible with posterior lateral corner injury.""
}"
1.2.826.0.1.3680043.8.498.64703506772167798469048460791472465039,Medial Femoral Condyle OA,0.4,0.0,negative,Degenerative changes: None.,"{
  ""status"": ""negative"",
  ""score"": 0.95,
  ""evidence"": ""Degenerative changes: None.""
}"
1.2.826.0.1.3680043.8.498.64703506772167798469048460791472465039,Lateral Femoral Condyle OA,0.95,1.0,positive,Small mild osteochondral impaction at the anterior lateral weightbearing aspect of lateral femoral condyle,"{
  ""status"": ""positive"",
  ""score"": 0.95,
  ""evidence"": ""Small mild osteochondral impaction at the anterior lateral weightbearing aspect of lateral femoral condyle""
}"
1.2.826.0.1.3680043.8.498.64703506772167798469048460791472465039,Patellofemoral OA,0.4,0.0,negative,Degenerative changes: None.,"{
  ""status"": ""negative"",
  ""score"": 0.95,
  ""evidence"": ""Degenerative changes: None.""
}"
1.2.826.0.1.3680043.8.498.64703506772167798469048460791472465039,Effusion,0.95,1.0,positive,Joint effusion: Large joint effusion.,"{
  ""status"": ""positive"",
  ""score"": 0.95,
  ""evidence"": ""Joint effusion: Large joint effusion.""
}"
1.2.826.0.1.3680043.8.498.64703506772167798469048460791472465039,Synovitis,0.95,1.0,positive,Joint effusion: Large joint effusion.,"{
  ""status"": ""positive"",
  ""score"": 0.95,
  ""evidence"": ""Joint effusion: Large joint effusion.""
}"
1.2.826.0.1.3680043.8.498.64703506772167798469048460791472465039,Baker's,0.4,0.0,negative,Baker cyst: None.,"{
  ""status"": ""negative"",
  ""score"": 0.95,
  ""evidence"": ""Baker cyst: None.""
}"
1.2.826.0.1.3680043.8.498.64703506772167798469048460791472465039,Contusion,0.95,1.0,positive,associated bone marrow edema associated with these fractures,"{
  ""status"": ""positive"",
  ""score"": 0.95,
  ""evidence"": ""associated bone marrow edema associated with these fractures""
}"
1.2.826.0.1.3680043.8.498.64703506772167798469048460791472465039,Fracture,0.95,1.0,positive,Known mildly comminuted undisplaced avulsion fracture of the tibial tuberosity involving the distal ACL insertion,"{
  ""status"": ""positive"",
  ""score"": 0.95,
  ""evidence"": ""Known mildly comminuted undisplaced avulsion fracture of the tibial tuberosity involving the distal ACL insertion""
}"
1.2.826.0.1.3680043.8.498.65708905118633339771181857781063784327,ACL,0.4,0.0,negative,"In the intercondylar notch, the anterior cruciate ligament is intact.","{
  ""status"": ""negative"",
  ""score"": 0.95,
  ""evidence"": ""In the intercondylar notch, the anterior cruciate ligament is intact.""
}"
1.2.826.0.1.3680043.8.498.65708905118633339771181857781063784327,MCL,0.4,0.0,negative,The medial collateral ligament complexes are intact.,"{
  ""status"": ""negative"",
  ""score"": 0.95,
  ""evidence"": ""The medial collateral ligament complexes are intact.""
}"
1.2.826.0.1.3680043.8.498.65708905118633339771181857781063784327,Medial Meniscus,0.95,1.0,positive,radial tear at the posterior root of the medial meniscus,"{
  ""status"": ""positive"",
  ""score"": 0.95,
  ""evidence"": ""radial tear at the posterior root of the medial meniscus""
}"
1.2.826.0.1.3680043.8.498.65708905118633339771181857781063784327,Lateral Meniscus,0.95,1.0,positive,There is small horizontal tear at the anterior horn of the lateral meniscus,"{
  ""status"": ""positive"",
  ""score"": 0.95,
  ""evidence"": ""There is small horizontal tear at the anterior horn of the lateral meniscus""
}"
1.2.826.0.1.3680043.8.498.65708905118633339771181857781063784327,Medial Femoral Condyle OA,0.95,1.0,positive,diffuse high grade and low grade chondrosis (less than and more than 50% thickness cartilage loss) along weightbearing medial femoral condyle,"{
  ""status"": ""positive"",
  ""score"": 0.95,
  ""evidence"": ""diffuse high grade and low grade chondrosis (less than and more than 50% thickness cartilage loss) along weightbearing medial femoral condyle""
}"
1.2.826.0.1.3680043.8.498.65708905118633339771181857781063784327,Lateral Femoral Condyle OA,0.95,1.0,positive,There is diffuse high grade and low grade chondrosis (less than and more than 50% thickness cartilage loss) along weightbearing medial femoral condyle and medial tibial plateau.,"{
  ""status"": ""positive"",
  ""score"": 0.95,
  ""evidence"": ""There is diffuse high grade and low grade chondrosis (less than and more than 50% thickness cartilage loss) along weightbearing medial femoral condyle and medial tibial plateau.""
}"
1.2.826.0.1.3680043.8.498.65708905118633339771181857781063784327,Patellofemoral OA,0.95,1.0,positive,"There is diffuse low grade and high grade chondrosis (less than and more than 50% thickness cartilage loss) along medial and lateral trochleas, medial and lateral patellar facets.","{
  ""status"": ""positive"",
  ""score"": 0.95,
  ""evidence"": ""There is diffuse low grade and high grade chondrosis (less than and more than 50% thickness cartilage loss) along medial and lateral trochleas, medial and lateral patellar facets.""
}"
1.2.826.0.1.3680043.8.498.65708905118633339771181857781063784327,Effusion,0.95,1.0,positive,Some amount of left knee effusion with synovitis is present,"{
  ""status"": ""positive"",
  ""score"": 0.95,
  ""evidence"": ""Some amount of left knee effusion with synovitis is present""
}"
1.2.826.0.1.3680043.8.498.65708905118633339771181857781063784327,Synovitis,0.95,1.0,positive,Some amount of left knee effusion with synovitis is present,"{
  ""status"": ""positive"",
  ""score"": 0.95,
  ""evidence"": ""Some amount of left knee effusion with synovitis is present""
}"
1.2.826.0.1.3680043.8.498.65708905118633339771181857781063784327,Baker's,0.95,1.0,positive,A 1.5*1.5* 4.5 cm baker's cyst at the posteromedial aspect of left knee,"{
  ""status"": ""positive"",
  ""score"": 0.95,
  ""evidence"": ""A 1.5*1.5* 4.5 cm baker's cyst at the posteromedial aspect of left knee""
}"
1.2.826.0.1.3680043.8.498.65708905118633339771181857781063784327,Contusion,0.4,0.0,negative,"The report does not mention any bone contusion or bone bruise. The findings include subchondral edema, which is not equivalent to contusion. No explicit evidence of bone contusion is present.","{
  ""status"": ""negative"",
  ""score"": 0.95,
  ""evidence"": ""The report does not mention any bone contusion or bone bruise. The findings include subchondral edema, which is not equivalent to contusion. No explicit evidence of bone contusion is present.""
}"
1.2.826.0.1.3680043.8.498.65708905118633339771181857781063784327,Fracture,0.4,0.0,negative,"The report states that the anterior cruciate ligament is intact, the posterior cruciate ligament is intact, the medial collateral ligament complexes are intact, the lateral collateral ligament complexes are intact, and the extensor mechanism is normal. There is no mention of fracture or any fracture-related findings.","{
  ""status"": ""negative"",
  ""score"": 0.95,
  ""evidence"": ""The report states that the anterior cruciate ligament is intact, the posterior cruciate ligament is intact, the medial collateral ligament complexes are intact, the lateral collateral ligament complexes are intact, and the extensor mechanism is normal. There is no mention of fracture or any fracture-related findings.""
}"
1.2.826.0.1.3680043.8.498.67188121544063723837669983597453941774,ACL,0.75,1.0,positive,"ACL'de parsiyel rüptürü düşündüren devamsızlık, trasesinde sinyal-kalınlık artışı izlenmiştir","{
  ""status"": ""positive"",
  ""score"": 0.75,
  ""evidence"": ""ACL'de parsiyel rüptürü düşündüren devamsızlık, trasesinde sinyal-kalınlık artışı izlenmiştir""
}"
1.2.826.0.1.3680043.8.498.67188121544063723837669983597453941774,MCL,0.4,0.0,negative,Lateral ve medial kollateral ligaman normaldir,"{
  ""status"": ""negative"",
  ""score"": 0.95,
  ""evidence"": ""Lateral ve medial kollateral ligaman normaldir""
}"
1.2.826.0.1.3680043.8.498.67188121544063723837669983597453941774,Medial Meniscus,0.95,1.0,positive,Medial menisküs posterior hornda radial yırtık hattı izlenmiştir,"{
  ""status"": ""positive"",
  ""score"": 0.95,
  ""evidence"": ""Medial menisküs posterior hornda radial yırtık hattı izlenmiştir""
}"
1.2.826.0.1.3680043.8.498.67188121544063723837669983597453941774,Lateral Meniscus,0.75,1.0,positive,Lateral menisküste grade II dejenerasyon saptanmıştır,"{
  ""status"": ""positive"",
  ""score"": 0.75,
  ""evidence"": ""Lateral menisküste grade II dejenerasyon saptanmıştır""
}"
1.2.826.0.1.3680043.8.498.67188121544063723837669983597453941774,Medial Femoral Condyle OA,0.4,0.0,negative,Medial femoral condyle OA is not mentioned in the report. The report describes medial meniscus pathology but does not mention any degenerative or cartilage abnormality localized to the medial femoral condyle or medial femorotibial compartment.,"{
  ""status"": ""negative"",
  ""score"": 0.95,
  ""evidence"": ""Medial femoral condyle OA is not mentioned in the report. The report describes medial meniscus pathology but does not mention any degenerative or cartilage abnormality localized to the medial femoral condyle or medial femorotibial compartment.""
}"
1.2.826.0.1.3680043.8.498.67188121544063723837669983597453941774,Lateral Femoral Condyle OA,0.4,0.0,negative,Lateral ve medial kollateral ligaman normaldir,"{
  ""status"": ""negative"",
  ""score"": 0.95,
  ""evidence"": ""Lateral ve medial kollateral ligaman normaldir""
}"
1.2.826.0.1.3680043.8.498.67188121544063723837669983597453941774,Patellofemoral OA,0.4,0.0,negative,Patella normal yerleşimlidir,"{
  ""status"": ""negative"",
  ""score"": 0.95,
  ""evidence"": ""Patella normal yerleşimlidir""
}"
1.2.826.0.1.3680043.8.498.67188121544063723837669983597453941774,Effusion,0.95,1.0,positive,"Suprapatellar bursada, diz eklem kapsülünde artmış efüzyon mevcuttur.","{
  ""status"": ""positive"",
  ""score"": 0.95,
  ""evidence"": ""Suprapatellar bursada, diz eklem kapsülünde artmış efüzyon mevcuttur.""
}"
1.2.826.0.1.3680043.8.498.67188121544063723837669983597453941774,Synovitis,0.4,0.0,negative,"Suprapatellar bursada, diz eklem kapsülünde artmış efüzyon mevcuttur.","{
  ""status"": ""negative"",
  ""score"": 0.95,
  ""evidence"": ""Suprapatellar bursada, diz eklem kapsülünde artmış efüzyon mevcuttur.""
}"
1.2.826.0.1.3680043.8.498.67188121544063723837669983597453941774,Baker's,0.4,0.0,negative,"Lateral ve medial kollateral ligaman normaldir. Suprapatellar bursada, diz eklem kapsülünde artmış efüzyon mevcuttur.","{
  ""status"": ""negative"",
  ""score"": 0.95,
  ""evidence"": ""Lateral ve medial kollateral ligaman normaldir. Suprapatellar bursada, diz eklem kapsülünde artmış efüzyon mevcuttur.""
}"
1.2.826.0.1.3680043.8.498.67188121544063723837669983597453941774,Contusion,0.4,0.0,negative,Lateral ve medial kollateral ligaman normaldir. Distal kuadriseps ve patellar tendonlar normaldir. Patella normal yerleşimlidir. Retinaküler devamsızlık yoktur.,"{
  ""status"": ""negative"",
  ""score"": 0.95,
  ""evidence"": ""Lateral ve medial kollateral ligaman normaldir. Distal kuadriseps ve patellar tendonlar normaldir. Patella normal yerleşimlidir. Retinaküler devamsızlık yoktur.""
}"
1.2.826.0.1.3680043.8.498.67188121544063723837669983597453941774,Fracture,0.4,0.0,negative,"ACL'de parsiyel rüptürü düşündüren devamsızlık, trasesinde sinyal-kalınlık artışı izlenmiştir.","{
  ""status"": ""negative"",
  ""score"": 0.95,
  ""evidence"": ""ACL'de parsiyel rüptürü düşündüren devamsızlık, trasesinde sinyal-kalınlık artışı izlenmiştir.""
}"
1.2.826.0.1.3680043.8.498.69392348385274125385290015404144639002,ACL,0.4,0.0,negative,Target-specific evidence is not mentioned in the report.,"{
  ""status"": ""negative"",
  ""score"": 0.95,
  ""evidence"": ""Target-specific evidence is not mentioned in the report.""
}"
1.2.826.0.1.3680043.8.498.69392348385274125385290015404144639002,MCL,0.4,0.0,negative,Target-specific evidence is not mentioned in the report.,"{
  ""status"": ""negative"",
  ""score"": 0.95,
  ""evidence"": ""Target-specific evidence is not mentioned in the report.""
}"
1.2.826.0.1.3680043.8.498.69392348385274125385290015404144639002,Medial Meniscus,0.4,0.0,negative,Target-specific evidence is not mentioned in the report.,"{
  ""status"": ""negative"",
  ""score"": 0.95,
  ""evidence"": ""Target-specific evidence is not mentioned in the report.""
}"
1.2.826.0.1.3680043.8.498.69392348385274125385290015404144639002,Lateral Meniscus,0.4,0.0,negative,Target-specific evidence is not mentioned in the report.,"{
  ""status"": ""negative"",
  ""score"": 0.95,
  ""evidence"": ""Target-specific evidence is not mentioned in the report.""
}"
1.2.826.0.1.3680043.8.498.69392348385274125385290015404144639002,Medial Femoral Condyle OA,0.4,0.0,negative,"The report mentions 'condropatía rotuliana' (patellar chondropathy), which is localized to the patella, not the medial femoral condyle. There is no mention of medial femoral condyle osteoarthritis or any pathology specifically localized to that area.","{
  ""status"": ""negative"",
  ""score"": 0.95,
  ""evidence"": ""The report mentions 'condropatía rotuliana' (patellar chondropathy), which is localized to the patella, not the medial femoral condyle. There is no mention of medial femoral condyle osteoarthritis or any pathology specifically localized to that area.""
}"
1.2.826.0.1.3680043.8.498.69392348385274125385290015404144639002,Lateral Femoral Condyle OA,0.4,0.0,negative,"The report mentions 'condropatía rotuliana' (patellar chondropathy), which is localized to the patella, not the lateral femoral condyle. There is no mention of osteoarthritis, cartilage degeneration, or chondral damage in the lateral femoral condyle or lateral femorotibial compartment.","{
  ""status"": ""negative"",
  ""score"": 0.95,
  ""evidence"": ""The report mentions 'condropatía rotuliana' (patellar chondropathy), which is localized to the patella, not the lateral femoral condyle. There is no mention of osteoarthritis, cartilage degeneration, or chondral damage in the lateral femoral condyle or lateral femorotibial compartment.""
}"
1.2.826.0.1.3680043.8.498.69392348385274125385290015404144639002,Patellofemoral OA,0.95,1.0,positive,Condropatía rotuliana,"{
  ""status"": ""positive"",
  ""score"": 0.95,
  ""evidence"": ""Condropatía rotuliana""
}"
1.2.826.0.1.3680043.8.498.69392348385274125385290015404144639002,Effusion,0.4,0.0,negative,Target-specific evidence is not mentioned in the report.,"{
  ""status"": ""negative"",
  ""score"": 0.95,
  ""evidence"": ""Target-specific evidence is not mentioned in the report.""
}"
1.2.826.0.1.3680043.8.498.69392348385274125385290015404144639002,Synovitis,0.4,0.0,negative,"The report does not mention synovitis. It discusses Hoffa's fat pad impingement, iliotibial band friction syndrome, and patellar chondropathy, but no synovitis is explicitly described.","{
  ""status"": ""negative"",
  ""score"": 0.95,
  ""evidence"": ""The report does not mention synovitis. It discusses Hoffa's fat pad impingement, iliotibial band friction syndrome, and patellar chondropathy, but no synovitis is explicitly described.""
}"
1.2.826.0.1.3680043.8.498.69392348385274125385290015404144639002,Baker's,0.4,0.0,negative,Target-specific evidence is not mentioned in the report.,"{
  ""status"": ""negative"",
  ""score"": 0.95,
  ""evidence"": ""Target-specific evidence is not mentioned in the report.""
}"
1.2.826.0.1.3680043.8.498.69392348385274125385290015404144639002,Contusion,0.4,0.0,negative,Target-specific evidence is not mentioned in the report.,"{
  ""status"": ""negative"",
  ""score"": 0.95,
  ""evidence"": ""Target-specific evidence is not mentioned in the report.""
}"
1.2.826.0.1.3680043.8.498.69392348385274125385290015404144639002,Fracture,0.4,0.0,negative,Target-specific evidence is not mentioned in the report.,"{
  ""status"": ""negative"",
  ""score"": 0.95,
  ""evidence"": ""Target-specific evidence is not mentioned in the report.""
}"
1.2.826.0.1.3680043.8.498.72853333220043794904856138561095171921,ACL,0.4,0.0,negative,Anterior cruciate ligament (ACL): No tear,"{
  ""status"": ""negative"",
  ""score"": 0.95,
  ""evidence"": ""Anterior cruciate ligament (ACL): No tear""
}"
1.2.826.0.1.3680043.8.498.72853333220043794904856138561095171921,MCL,0.95,1.0,positive,Medial collateral ligament (MCL): Grade 2 injury.,"{
  ""status"": ""positive"",
  ""score"": 0.95,
  ""evidence"": ""Medial collateral ligament (MCL): Grade 2 injury.""
}"
1.2.826.0.1.3680043.8.498.72853333220043794904856138561095171921,Medial Meniscus,0.4,0.0,negative,Medial meniscus: No tear.,"{
  ""status"": ""negative"",
  ""score"": 0.95,
  ""evidence"": ""Medial meniscus: No tear.""
}"
1.2.826.0.1.3680043.8.498.72853333220043794904856138561095171921,Lateral Meniscus,0.4,0.0,negative,Lateral meniscus: No tear.,"{
  ""status"": ""negative"",
  ""score"": 0.95,
  ""evidence"": ""Lateral meniscus: No tear.""
}"
1.2.826.0.1.3680043.8.498.72853333220043794904856138561095171921,Medial Femoral Condyle OA,0.4,0.0,negative,Medial compartment cartilage: Intact.,"{
  ""status"": ""negative"",
  ""score"": 0.95,
  ""evidence"": ""Medial compartment cartilage: Intact.""
}"
1.2.826.0.1.3680043.8.498.72853333220043794904856138561095171921,Lateral Femoral Condyle OA,0.95,1.0,positive,Small acute osteochondral impaction injury at the posterior lateral femoral condyle,"{
  ""status"": ""positive"",
  ""score"": 0.95,
  ""evidence"": ""Small acute osteochondral impaction injury at the posterior lateral femoral condyle""
}"
1.2.826.0.1.3680043.8.498.72853333220043794904856138561095171921,Patellofemoral OA,0.95,1.0,positive,Patellofemoral compartment cartilage: Low-grade articular cartilage loss at the lateral and medial patellar facets.,"{
  ""status"": ""positive"",
  ""score"": 0.95,
  ""evidence"": ""Patellofemoral compartment cartilage: Low-grade articular cartilage loss at the lateral and medial patellar facets.""
}"
1.2.826.0.1.3680043.8.498.72853333220043794904856138561095171921,Effusion,0.4,0.0,negative,No joint effusion.,"{
  ""status"": ""negative"",
  ""score"": 0.95,
  ""evidence"": ""No joint effusion.""
}"
1.2.826.0.1.3680043.8.498.72853333220043794904856138561095171921,Synovitis,0.4,0.0,negative,No joint effusion. No Baker's cyst.,"{
  ""status"": ""negative"",
  ""score"": 0.95,
  ""evidence"": ""No joint effusion. No Baker's cyst.""
}"
1.2.826.0.1.3680043.8.498.72853333220043794904856138561095171921,Baker's,0.4,0.0,negative,No Baker's cyst,"{
  ""status"": ""negative"",
  ""score"": 0.95,
  ""evidence"": ""No Baker's cyst""
}"
1.2.826.0.1.3680043.8.498.72853333220043794904856138561095171921,Contusion,0.95,1.0,positive,likely a contusion,"{
  ""status"": ""positive"",
  ""score"": 0.95,
  ""evidence"": ""likely a contusion""
}"
1.2.826.0.1.3680043.8.498.72853333220043794904856138561095171921,Fracture,0.4,0.0,negative,No acute fracture,"{
  ""status"": ""negative"",
  ""score"": 0.95,
  ""evidence"": ""No acute fracture""
}"
1.2.826.0.1.3680043.8.498.73527530686853911124431549317032662220,ACL,0.95,1.0,positive,"The contour of ACL is not in a straight line and increase signal intensity inside on F/S T2WI, in favor of tear, major at proximal portion.","{
  ""status"": ""positive"",
  ""score"": 0.95,
  ""evidence"": ""The contour of ACL is not in a straight line and increase signal intensity inside on F/S T2WI, in favor of tear, major at proximal portion.""
}"
1.2.826.0.1.3680043.8.498.73527530686853911124431549317032662220,MCL,0.4,0.0,negative,Both medial & lateral collateral ligaments appear to be within normal.,"{
  ""status"": ""negative"",
  ""score"": 0.95,
  ""evidence"": ""Both medial & lateral collateral ligaments appear to be within normal.""
}"
1.2.826.0.1.3680043.8.498.73527530686853911124431549317032662220,Medial Meniscus,0.5,,uncertain,"Linear signal intensity in posterior horn of medial meniscus, and increased signal of meniscocapsular junction, R/O Ramp lesion or peripheral longitudinal tear of posterior horn of medial meniscus.","{
  ""status"": ""uncertain"",
  ""score"": 0.45,
  ""evidence"": ""Linear signal intensity in posterior horn of medial meniscus, and increased signal of meniscocapsular junction, R/O Ramp lesion or peripheral longitudinal tear of posterior horn of medial meniscus.""
}"
1.2.826.0.1.3680043.8.498.73527530686853911124431549317032662220,Lateral Meniscus,0.4,0.0,negative,Both medial & lateral collateral ligaments appear to be within normal.,"{
  ""status"": ""negative"",
  ""score"": 0.95,
  ""evidence"": ""Both medial & lateral collateral ligaments appear to be within normal.""
}"
1.2.826.0.1.3680043.8.498.73527530686853911124431549317032662220,Medial Femoral Condyle OA,0.4,0.0,negative,"The report states 'Both medial & lateral collateral ligaments appear to be within normal' and 'no abnormal signal intensity is noted' for the medial collateral ligament, but does not mention any pathology specifically localized to the medial femoral condyle. The only cartilage-related finding is 'focal wearing of articular cartilage of femoral trochlea' which is localized to the trochlea, not the medial femoral condyle.","{
  ""status"": ""negative"",
  ""score"": 0.95,
  ""evidence"": ""The report states 'Both medial & lateral collateral ligaments appear to be within normal' and 'no abnormal signal intensity is noted' for the medial collateral ligament, but does not mention any pathology specifically localized to the medial femoral condyle. The only cartilage-related finding is 'focal wearing of articular cartilage of femoral trochlea' which is localized to the trochlea, not the medial femoral condyle.""
}"
1.2.826.0.1.3680043.8.498.73527530686853911124431549317032662220,Lateral Femoral Condyle OA,0.95,1.0,positive,In favor of subchondral fracture of lateral femoral condyle,"{
  ""status"": ""positive"",
  ""score"": 0.95,
  ""evidence"": ""In favor of subchondral fracture of lateral femoral condyle""
}"
1.2.826.0.1.3680043.8.498.73527530686853911124431549317032662220,Patellofemoral OA,0.95,1.0,positive,Focal wearing of articular cartilage of femoral trochelam reflecting grade 3-4 chondromalacia and mild subchondral edema,"{
  ""status"": ""positive"",
  ""score"": 0.95,
  ""evidence"": ""Focal wearing of articular cartilage of femoral trochelam reflecting grade 3-4 chondromalacia and mild subchondral edema""
}"
1.2.826.0.1.3680043.8.498.73527530686853911124431549317032662220,Effusion,0.95,1.0,positive,Moderate joint effusion and synovitis of right knee and patellar plicae,"{
  ""status"": ""positive"",
  ""score"": 0.95,
  ""evidence"": ""Moderate joint effusion and synovitis of right knee and patellar plicae""
}"
1.2.826.0.1.3680043.8.498.73527530686853911124431549317032662220,Synovitis,0.95,1.0,positive,"hypertrophy of the synovium, indicative of synovitis","{
  ""status"": ""positive"",
  ""score"": 0.95,
  ""evidence"": ""hypertrophy of the synovium, indicative of synovitis""
}"
1.2.826.0.1.3680043.8.498.73527530686853911124431549317032662220,Baker's,0.4,0.0,negative,"The report does not mention a Baker cyst or popliteal cyst explicitly. The findings include joint effusion, synovitis, and other abnormalities, but none directly describe a Baker's cyst.","{
  ""status"": ""negative"",
  ""score"": 0.95,
  ""evidence"": ""The report does not mention a Baker cyst or popliteal cyst explicitly. The findings include joint effusion, synovitis, and other abnormalities, but none directly describe a Baker's cyst.""
}"
1.2.826.0.1.3680043.8.498.73527530686853911124431549317032662220,Contusion,0.95,1.0,positive,"Abnormal signal intensity is noted in proximal tibia and distal femur, which shows low signal intensity on T1WI and high signal intensity on T2WI, in favor of bone contusion","{
  ""status"": ""positive"",
  ""score"": 0.95,
  ""evidence"": ""Abnormal signal intensity is noted in proximal tibia and distal femur, which shows low signal intensity on T1WI and high signal intensity on T2WI, in favor of bone contusion""
}"
1.2.826.0.1.3680043.8.498.73527530686853911124431549317032662220,Fracture,0.95,1.0,positive,In favor of subchondral fracture of lateral femoral condyle,"{
  ""status"": ""positive"",
  ""score"": 0.95,
  ""evidence"": ""In favor of subchondral fracture of lateral femoral condyle""
}"
1.2.826.0.1.3680043.8.498.73926443729786165628848843707532839995,ACL,0.4,0.0,negative,"VKB, HKB, MCL und LCL intakt und physiologisch signalgebend","{
  ""status"": ""negative"",
  ""score"": 0.95,
  ""evidence"": ""VKB, HKB, MCL und LCL intakt und physiologisch signalgebend""
}"
1.2.826.0.1.3680043.8.498.73926443729786165628848843707532839995,MCL,0.4,0.0,negative,"VKB, HKB, MCL und LCL intakt und physiologisch signalgebend","{
  ""status"": ""negative"",
  ""score"": 0.95,
  ""evidence"": ""VKB, HKB, MCL und LCL intakt und physiologisch signalgebend""
}"
1.2.826.0.1.3680043.8.498.73926443729786165628848843707532839995,Medial Meniscus,0.95,1.0,positive,T2-hyperintense lineare radiale Läsion der Pars intermedia des Innenmeniskus,"{
  ""status"": ""positive"",
  ""score"": 0.95,
  ""evidence"": ""T2-hyperintense lineare radiale Läsion der Pars intermedia des Innenmeniskus""
}"
1.2.826.0.1.3680043.8.498.73926443729786165628848843707532839995,Lateral Meniscus,0.4,0.0,negative,"VKB, HKB, MCL und LCL intakt und physiologisch signalgebend","{
  ""status"": ""negative"",
  ""score"": 0.95,
  ""evidence"": ""VKB, HKB, MCL und LCL intakt und physiologisch signalgebend""
}"
1.2.826.0.1.3680043.8.498.73926443729786165628848843707532839995,Medial Femoral Condyle OA,0.4,0.0,negative,"VKB, HKB, MCL und LCL intakt und physiologisch signalgebend","{
  ""status"": ""negative"",
  ""score"": 0.95,
  ""evidence"": ""VKB, HKB, MCL und LCL intakt und physiologisch signalgebend""
}"
1.2.826.0.1.3680043.8.498.73926443729786165628848843707532839995,Lateral Femoral Condyle OA,0.4,0.0,negative,"VKB, HKB, MCL und LCL intakt und physiologisch signalgebend","{
  ""status"": ""negative"",
  ""score"": 0.95,
  ""evidence"": ""VKB, HKB, MCL und LCL intakt und physiologisch signalgebend""
}"
1.2.826.0.1.3680043.8.498.73926443729786165628848843707532839995,Patellofemoral OA,0.4,0.0,negative,"VKB, HKB, MCL und LCL intakt und physiologisch signalgebend","{
  ""status"": ""negative"",
  ""score"": 0.95,
  ""evidence"": ""VKB, HKB, MCL und LCL intakt und physiologisch signalgebend""
}"
1.2.826.0.1.3680043.8.498.73926443729786165628848843707532839995,Effusion,0.95,1.0,positive,Geringer Gelenkerguss,"{
  ""status"": ""positive"",
  ""score"": 0.95,
  ""evidence"": ""Geringer Gelenkerguss""
}"
1.2.826.0.1.3680043.8.498.73926443729786165628848843707532839995,Synovitis,0.4,0.0,negative,"VKB, HKB, MCL und LCL intakt und physiologisch signalgebend","{
  ""status"": ""negative"",
  ""score"": 0.95,
  ""evidence"": ""VKB, HKB, MCL und LCL intakt und physiologisch signalgebend""
}"
1.2.826.0.1.3680043.8.498.73926443729786165628848843707532839995,Baker's,0.95,1.0,positive,"Baker-Zyste; diese bis 2 x 1,5 x CC 3,5 cm Ausdehnung","{
  ""status"": ""positive"",
  ""score"": 0.95,
  ""evidence"": ""Baker-Zyste; diese bis 2 x 1,5 x CC 3,5 cm Ausdehnung""
}"
1.2.826.0.1.3680043.8.498.73926443729786165628848843707532839995,Contusion,0.4,0.0,negative,"VKB, HKB, MCL und LCL intakt und physiologisch signalgebend","{
  ""status"": ""negative"",
  ""score"": 0.95,
  ""evidence"": ""VKB, HKB, MCL und LCL intakt und physiologisch signalgebend""
}"
1.2.826.0.1.3680043.8.498.73926443729786165628848843707532839995,Fracture,0.4,0.0,negative,"VKB, HKB, MCL und LCL intakt und physiologisch signalgebend","{
  ""status"": ""negative"",
  ""score"": 0.95,
  ""evidence"": ""VKB, HKB, MCL und LCL intakt und physiologisch signalgebend""
}"
1.2.826.0.1.3680043.8.498.75187434248356774277526985329346125190,ACL,0.4,0.0,negative,"Двата колатерални лигамента са с правилна форма, хомогенна структура и сигнален интензитет до залавните им места.","{
  ""status"": ""negative"",
  ""score"": 0.95,
  ""evidence"": ""Двата колатерални лигамента са с правилна форма, хомогенна структура и сигнален интензитет до залавните им места.""
}"
1.2.826.0.1.3680043.8.498.75187434248356774277526985329346125190,MCL,0.4,0.0,negative,"Двата колатерални лигамента са с правилна форма, хомогенна структура и сигнален интензитет до залавните им места.","{
  ""status"": ""negative"",
  ""score"": 0.95,
  ""evidence"": ""Двата колатерални лигамента са с правилна форма, хомогенна структура и сигнален интензитет до залавните им места.""
}"
1.2.826.0.1.3680043.8.498.75187434248356774277526985329346125190,Medial Meniscus,0.95,1.0,positive,"МР данни за руптура на задния рог на медиалния менискус. В задния рог на медиалния менискус се изобразява хиперинтензна линия с кос ход, достигаща до края на менискуса и до артикулиращата повърхност на тибията.","{
  ""status"": ""positive"",
  ""score"": 0.95,
  ""evidence"": ""МР данни за руптура на задния рог на медиалния менискус. В задния рог на медиалния менискус се изобразява хиперинтензна линия с кос ход, достигаща до края на менискуса и до артикулиращата повърхност на тибията.""
}"
1.2.826.0.1.3680043.8.498.75187434248356774277526985329346125190,Lateral Meniscus,0.4,0.0,negative,Нормално изобразяване на предния рог на латералния менискус,"{
  ""status"": ""negative"",
  ""score"": 0.95,
  ""evidence"": ""Нормално изобразяване на предния рог на латералния менискус""
}"
1.2.826.0.1.3680043.8.498.75187434248356774277526985329346125190,Medial Femoral Condyle OA,0.95,1.0,positive,"МР данни за остеохондрална фрактура в областта на медиалния кондил на бедрената кост. Фрактурата се представя като хипоинтензна линия с дъговидна форма. Налице е костно-мозъчен едем в костта, както и депресия на медиалното плато. В този участък се изобразява и изтъняване на артикулиращия хрущял на кондила на протежение от около 9 мм.","{
  ""status"": ""positive"",
  ""score"": 0.95,
  ""evidence"": ""МР данни за остеохондрална фрактура в областта на медиалния кондил на бедрената кост. Фрактурата се представя като хипоинтензна линия с дъговидна форма. Налице е костно-мозъчен едем в костта, както и депресия на медиалното плато. В този участък се изобразява и изтъняване на артикулиращия хрущял на кондила на протежение от около 9 мм.""
}"
1.2.826.0.1.3680043.8.498.75187434248356774277526985329346125190,Lateral Femoral Condyle OA,0.4,0.0,negative,"Налице е костно-мозъчен едем в медиалното тибиално плато, както и в отграничен участък от латералния кондил на фемура. Ставният хрущял, покриващ тибията и латералния кондил на бедрената кост, е със запазена дебелина и конгруентност.","{
  ""status"": ""negative"",
  ""score"": 0.95,
  ""evidence"": ""Налице е костно-мозъчен едем в медиалното тибиално плато, както и в отграничен участък от латералния кондил на фемура. Ставният хрущял, покриващ тибията и латералния кондил на бедрената кост, е със запазена дебелина и конгруентност.""
}"
1.2.826.0.1.3680043.8.498.75187434248356774277526985329346125190,Patellofemoral OA,0.4,0.0,negative,"Ставният хрущял, покриващ тибията и латералния кондил на бедрената кост, е със запазена дебелина и конгруентност.","{
  ""status"": ""negative"",
  ""score"": 0.95,
  ""evidence"": ""Ставният хрущял, покриващ тибията и латералния кондил на бедрената кост, е със запазена дебелина и конгруентност.""
}"
1.2.826.0.1.3680043.8.498.75187434248356774277526985329346125190,Effusion,0.95,1.0,positive,Ставен излив,"{
  ""status"": ""positive"",
  ""score"": 0.95,
  ""evidence"": ""Ставен излив""
}"
1.2.826.0.1.3680043.8.498.75187434248356774277526985329346125190,Synovitis,0.5,,uncertain,"LLM_ERROR: Could not parse JSON from model output: '{\n  ""status"": ""negative"",\n  ""score"": 0.95,\n  ""evidence"": ""Ставен излив"" is the only mention related to effusion, which is not sufficient evidence for Synovitis. The report does not describe synovial inflammation or any direct equivalent of synovitis.\n}'",
1.2.826.0.1.3680043.8.498.75187434248356774277526985329346125190,Baker's,0.95,1.0,positive,Наличие на малка еднокамерна Бекерова киста в поплитеалната ямка с размер 17/12 мм,"{
  ""status"": ""positive"",
  ""score"": 0.95,
  ""evidence"": ""Наличие на малка еднокамерна Бекерова киста в поплитеалната ямка с размер 17/12 мм""
}"
1.2.826.0.1.3680043.8.498.75187434248356774277526985329346125190,Contusion,0.4,0.0,negative,"Костно-мозъчният едем е налице в медиалното тибиално плато, както и в отграничен участък от латералния кондил на фемура. Това е явление, което не е директна доказателство за костна контузия, а е описана като травматичен костно-мозъчен едем.","{
  ""status"": ""negative"",
  ""score"": 0.95,
  ""evidence"": ""Костно-мозъчният едем е налице в медиалното тибиално плато, както и в отграничен участък от латералния кондил на фемура. Това е явление, което не е директна доказателство за костна контузия, а е описана като травматичен костно-мозъчен едем.""
}"
1.2.826.0.1.3680043.8.498.75187434248356774277526985329346125190,Fracture,0.95,1.0,positive,МР данни за остеохондрална фрактура в областта на медиалния кондил на бедрената кост,"{
  ""status"": ""positive"",
  ""score"": 0.95,
  ""evidence"": ""МР данни за остеохондрална фрактура в областта на медиалния кондил на бедрената кост""
}"
1.2.826.0.1.3680043.8.498.77362718298550276679350855963451855003,ACL,0.4,0.0,negative,ACL normal,"{
  ""status"": ""negative"",
  ""score"": 0.95,
  ""evidence"": ""ACL normal""
}"
1.2.826.0.1.3680043.8.498.77362718298550276679350855963451855003,MCL,0.4,0.0,negative,MCL normal,"{
  ""status"": ""negative"",
  ""score"": 0.95,
  ""evidence"": ""MCL normal""
}"
1.2.826.0.1.3680043.8.498.77362718298550276679350855963451855003,Medial Meniscus,0.95,1.0,positive,Medial meniscus tear,"{
  ""status"": ""positive"",
  ""score"": 0.95,
  ""evidence"": ""Medial meniscus tear""
}"
1.2.826.0.1.3680043.8.498.77362718298550276679350855963451855003,Lateral Meniscus,0.4,0.0,negative,Lateral meniscus normal,"{
  ""status"": ""negative"",
  ""score"": 0.95,
  ""evidence"": ""Lateral meniscus normal""
}"
1.2.826.0.1.3680043.8.498.77362718298550276679350855963451855003,Medial Femoral Condyle OA,0.4,0.0,negative,Cartilages normal,"{
  ""status"": ""negative"",
  ""score"": 0.95,
  ""evidence"": ""Cartilages normal""
}"
1.2.826.0.1.3680043.8.498.77362718298550276679350855963451855003,Lateral Femoral Condyle OA,0.4,0.0,negative,Cartilages normal,"{
  ""status"": ""negative"",
  ""score"": 0.95,
  ""evidence"": ""Cartilages normal""
}"
1.2.826.0.1.3680043.8.498.77362718298550276679350855963451855003,Patellofemoral OA,0.4,0.0,negative,Cartilages normal,"{
  ""status"": ""negative"",
  ""score"": 0.95,
  ""evidence"": ""Cartilages normal""
}"
1.2.826.0.1.3680043.8.498.77362718298550276679350855963451855003,Effusion,0.95,1.0,positive,Mild effusion,"{
  ""status"": ""positive"",
  ""score"": 0.95,
  ""evidence"": ""Mild effusion""
}"
1.2.826.0.1.3680043.8.498.77362718298550276679350855963451855003,Synovitis,0.4,0.0,negative,Mild effusion,"{
  ""status"": ""negative"",
  ""score"": 0.95,
  ""evidence"": ""Mild effusion""
}"
1.2.826.0.1.3680043.8.498.77362718298550276679350855963451855003,Baker's,0.4,0.0,negative,No Baker's cyst,"{
  ""status"": ""negative"",
  ""score"": 0.95,
  ""evidence"": ""No Baker's cyst""
}"
1.2.826.0.1.3680043.8.498.77362718298550276679350855963451855003,Contusion,0.95,1.0,positive,haematoma,"{
  ""status"": ""positive"",
  ""score"": 0.95,
  ""evidence"": ""haematoma""
}"
1.2.826.0.1.3680043.8.498.77362718298550276679350855963451855003,Fracture,0.4,0.0,negative,ACL normal. MCL normal. Lateral meniscus normal. Cartilages normal. No Baker's cyst. Medial retinaculum rupture and medial patello-femoral ligament tear at the site of femoral attachment with haematoma.,"{
  ""status"": ""negative"",
  ""score"": 0.95,
  ""evidence"": ""ACL normal. MCL normal. Lateral meniscus normal. Cartilages normal. No Baker's cyst. Medial retinaculum rupture and medial patello-femoral ligament tear at the site of femoral attachment with haematoma.""
}"
1.2.826.0.1.3680043.8.498.78512215519177850923279235346968676828,ACL,0.95,1.0,positive,Prednji križni ligament u području distalnog hvatišta pokazuje trokutasti hiperintenzitet koji može odgovarati manjoj intrasupstancijskoj rupturi,"{
  ""status"": ""positive"",
  ""score"": 0.95,
  ""evidence"": ""Prednji križni ligament u području distalnog hvatišta pokazuje trokutasti hiperintenzitet koji može odgovarati manjoj intrasupstancijskoj rupturi""
}"
1.2.826.0.1.3680043.8.498.78512215519177850923279235346968676828,MCL,0.4,0.0,negative,Lateralni i medijalni kolateralni ligamenti urednog signala te se prate u kontinuitetu.,"{
  ""status"": ""negative"",
  ""score"": 0.95,
  ""evidence"": ""Lateralni i medijalni kolateralni ligamenti urednog signala te se prate u kontinuitetu.""
}"
1.2.826.0.1.3680043.8.498.78512215519177850923279235346968676828,Medial Meniscus,0.95,1.0,positive,Vertikalna ruptura stražnjeg roga medijalnog meniska koja seže i zahvaća donju artikulacijsku plohu,"{
  ""status"": ""positive"",
  ""score"": 0.95,
  ""evidence"": ""Vertikalna ruptura stražnjeg roga medijalnog meniska koja seže i zahvaća donju artikulacijsku plohu""
}"
1.2.826.0.1.3680043.8.498.78512215519177850923279235346968676828,Lateral Meniscus,0.4,0.0,negative,Lateralni menisk bez znakova degeneracije ili rupture,"{
  ""status"": ""negative"",
  ""score"": 0.95,
  ""evidence"": ""Lateralni menisk bez znakova degeneracije ili rupture""
}"
1.2.826.0.1.3680043.8.498.78512215519177850923279235346968676828,Medial Femoral Condyle OA,0.95,1.0,positive,hondromalacija II.stupnja medijalnog kondila femura,"{
  ""status"": ""positive"",
  ""score"": 0.95,
  ""evidence"": ""hondromalacija II.stupnja medijalnog kondila femura""
}"
1.2.826.0.1.3680043.8.498.78512215519177850923279235346968676828,Lateral Femoral Condyle OA,0.95,1.0,positive,"OA promjene obostrano, izraženije lateralno uz osteofite","{
  ""status"": ""positive"",
  ""score"": 0.95,
  ""evidence"": ""OA promjene obostrano, izraženije lateralno uz osteofite""
}"
1.2.826.0.1.3680043.8.498.78512215519177850923279235346968676828,Patellofemoral OA,0.95,1.0,positive,"PF artrotske promjene s reduciranim zglobnim prostorom, manjim izljevom i hondromalacijom IV stupnja hrskavice interfasetarno","{
  ""status"": ""positive"",
  ""score"": 0.95,
  ""evidence"": ""PF artrotske promjene s reduciranim zglobnim prostorom, manjim izljevom i hondromalacijom IV stupnja hrskavice interfasetarno""
}"
1.2.826.0.1.3680043.8.498.78512215519177850923279235346968676828,Effusion,0.95,1.0,positive,Minimalni izljev,"{
  ""status"": ""positive"",
  ""score"": 0.95,
  ""evidence"": ""Minimalni izljev""
}"
1.2.826.0.1.3680043.8.498.78512215519177850923279235346968676828,Synovitis,0.4,0.0,negative,Bez znakova poplitealne ciste,"{
  ""status"": ""negative"",
  ""score"": 0.95,
  ""evidence"": ""Bez znakova poplitealne ciste""
}"
1.2.826.0.1.3680043.8.498.78512215519177850923279235346968676828,Baker's,0.4,0.0,negative,Bez znakova poplitealne ciste,"{
  ""status"": ""negative"",
  ""score"": 0.95,
  ""evidence"": ""Bez znakova poplitealne ciste""
}"
1.2.826.0.1.3680043.8.498.78512215519177850923279235346968676828,Contusion,0.4,0.0,negative,Bez znakova poplitealne ciste,"{
  ""status"": ""negative"",
  ""score"": 0.95,
  ""evidence"": ""Bez znakova poplitealne ciste""
}"
1.2.826.0.1.3680043.8.498.78512215519177850923279235346968676828,Fracture,0.4,0.0,negative,Stražnji križni ligament urednog signala te se prati u kontinuitetu. Lateralni i medijalni kolateralni ligamenti urednog signala te se prate u kontinuitetu.,"{
  ""status"": ""negative"",
  ""score"": 0.95,
  ""evidence"": ""Stražnji križni ligament urednog signala te se prati u kontinuitetu. Lateralni i medijalni kolateralni ligamenti urednog signala te se prate u kontinuitetu.""
}"
1.2.826.0.1.3680043.8.498.82166943552764439138333504456139890254,ACL,0.95,1.0,positive,"Chronic complete tear of the anterior cruciate ligament, at mid substance","{
  ""status"": ""positive"",
  ""score"": 0.95,
  ""evidence"": ""Chronic complete tear of the anterior cruciate ligament, at mid substance""
}"
1.2.826.0.1.3680043.8.498.82166943552764439138333504456139890254,MCL,0.4,0.0,negative,The medial collateral ligament complexes are intact.,"{
  ""status"": ""negative"",
  ""score"": 0.95,
  ""evidence"": ""The medial collateral ligament complexes are intact.""
}"
1.2.826.0.1.3680043.8.498.82166943552764439138333504456139890254,Medial Meniscus,0.95,1.0,positive,complex tear (main radial component) at the body and posterior horn of the medial meniscus,"{
  ""status"": ""positive"",
  ""score"": 0.95,
  ""evidence"": ""complex tear (main radial component) at the body and posterior horn of the medial meniscus""
}"
1.2.826.0.1.3680043.8.498.82166943552764439138333504456139890254,Lateral Meniscus,0.95,1.0,positive,"Complex tear with buckethandle tear at the anterior horn, body and posterior horn of the lateral meniscus","{
  ""status"": ""positive"",
  ""score"": 0.95,
  ""evidence"": ""Complex tear with buckethandle tear at the anterior horn, body and posterior horn of the lateral meniscus""
}"
1.2.826.0.1.3680043.8.498.82166943552764439138333504456139890254,Medial Femoral Condyle OA,0.95,1.0,positive,diffuse high grade and low grade chondrosis (less than and more than 50% thickness cartilage loss) along weightbearing medial femoral condyle and medial tibial plateau,"{
  ""status"": ""positive"",
  ""score"": 0.95,
  ""evidence"": ""diffuse high grade and low grade chondrosis (less than and more than 50% thickness cartilage loss) along weightbearing medial femoral condyle and medial tibial plateau""
}"
1.2.826.0.1.3680043.8.498.82166943552764439138333504456139890254,Lateral Femoral Condyle OA,0.4,0.0,negative,"The report states 'no focal chondrosis or chondral injury in the lateral compartment' and 'no subchondral edema' in the lateral compartment, which is consistent with the absence of lateral femoral condyle OA.","{
  ""status"": ""negative"",
  ""score"": 0.95,
  ""evidence"": ""The report states 'no focal chondrosis or chondral injury in the lateral compartment' and 'no subchondral edema' in the lateral compartment, which is consistent with the absence of lateral femoral condyle OA.""
}"
1.2.826.0.1.3680043.8.498.82166943552764439138333504456139890254,Patellofemoral OA,0.95,1.0,positive,There is focal grade chondrosis (less than 50% thickness cartilage loss) at the medial patellar facet (about 1.3* 1 cm) in the patellofemoral joint.,"{
  ""status"": ""positive"",
  ""score"": 0.95,
  ""evidence"": ""There is focal grade chondrosis (less than 50% thickness cartilage loss) at the medial patellar facet (about 1.3* 1 cm) in the patellofemoral joint.""
}"
1.2.826.0.1.3680043.8.498.82166943552764439138333504456139890254,Effusion,0.95,1.0,positive,Minimal amount of right knee effusion is present,"{
  ""status"": ""positive"",
  ""score"": 0.95,
  ""evidence"": ""Minimal amount of right knee effusion is present""
}"
1.2.826.0.1.3680043.8.498.82166943552764439138333504456139890254,Synovitis,0.4,0.0,negative,Minimal amount of right knee effusion is present.,"{
  ""status"": ""negative"",
  ""score"": 0.95,
  ""evidence"": ""Minimal amount of right knee effusion is present.""
}"
1.2.826.0.1.3680043.8.498.82166943552764439138333504456139890254,Baker's,0.4,0.0,negative,"The report states 'no Baker cyst' or any mention of a Baker cyst, and describes other findings but does not mention a Baker cyst.","{
  ""status"": ""negative"",
  ""score"": 0.95,
  ""evidence"": ""The report states 'no Baker cyst' or any mention of a Baker cyst, and describes other findings but does not mention a Baker cyst.""
}"
1.2.826.0.1.3680043.8.498.82166943552764439138333504456139890254,Contusion,0.4,0.0,negative,"The report states 'no subchondral edema' and 'no tibial translation' which are relevant to contusion, but more importantly, it explicitly mentions 'no bone contusion' in the context of the findings. The report does not describe any bone contusion or equivalent traumatic bone marrow injury.","{
  ""status"": ""negative"",
  ""score"": 0.95,
  ""evidence"": ""The report states 'no subchondral edema' and 'no tibial translation' which are relevant to contusion, but more importantly, it explicitly mentions 'no bone contusion' in the context of the findings. The report does not describe any bone contusion or equivalent traumatic bone marrow injury.""
}"
1.2.826.0.1.3680043.8.498.82166943552764439138333504456139890254,Fracture,0.4,0.0,negative,"The report states 'The extensor mechanism is normal' and 'The medial collateral ligament complexes are intact. The posteromedial oblique ligament is intact. The lateral collateral ligament complexes are intact. The popliteofibular ligament is intact. The meniscopopliteal fascicles are intact.' There is no mention of fracture, and no fracture-related findings are described.","{
  ""status"": ""negative"",
  ""score"": 0.95,
  ""evidence"": ""The report states 'The extensor mechanism is normal' and 'The medial collateral ligament complexes are intact. The posteromedial oblique ligament is intact. The lateral collateral ligament complexes are intact. The popliteofibular ligament is intact. The meniscopopliteal fascicles are intact.' There is no mention of fracture, and no fracture-related findings are described.""
}"
1.2.826.0.1.3680043.8.498.86968600239724310678905311244945464037,ACL,0.95,1.0,positive,Suggestive of complete tear of ACL,"{
  ""status"": ""positive"",
  ""score"": 0.95,
  ""evidence"": ""Suggestive of complete tear of ACL""
}"
1.2.826.0.1.3680043.8.498.86968600239724310678905311244945464037,MCL,0.4,0.0,negative,"The medial & lateral collateral ligaments, quadriceps & patellar tendons show intact appearance.","{
  ""status"": ""negative"",
  ""score"": 0.95,
  ""evidence"": ""The medial & lateral collateral ligaments, quadriceps & patellar tendons show intact appearance.""
}"
1.2.826.0.1.3680043.8.498.86968600239724310678905311244945464037,Medial Meniscus,0.95,1.0,positive,Tear of the posterior horn of medial meniscus,"{
  ""status"": ""positive"",
  ""score"": 0.95,
  ""evidence"": ""Tear of the posterior horn of medial meniscus""
}"
1.2.826.0.1.3680043.8.498.86968600239724310678905311244945464037,Lateral Meniscus,0.4,0.0,negative,The lateral meniscus shows no obvious tear.,"{
  ""status"": ""negative"",
  ""score"": 0.95,
  ""evidence"": ""The lateral meniscus shows no obvious tear.""
}"
1.2.826.0.1.3680043.8.498.86968600239724310678905311244945464037,Medial Femoral Condyle OA,0.4,0.0,negative,Intact patellar cartilage,"{
  ""status"": ""negative"",
  ""score"": 0.95,
  ""evidence"": ""Intact patellar cartilage""
}"
1.2.826.0.1.3680043.8.498.86968600239724310678905311244945464037,Lateral Femoral Condyle OA,0.4,0.0,negative,The report states 'intact patellar cartilage' and does not mention any degenerative or cartilage pathology in the lateral femoral condyle or lateral femorotibial compartment.,"{
  ""status"": ""negative"",
  ""score"": 0.95,
  ""evidence"": ""The report states 'intact patellar cartilage' and does not mention any degenerative or cartilage pathology in the lateral femoral condyle or lateral femorotibial compartment.""
}"
1.2.826.0.1.3680043.8.498.86968600239724310678905311244945464037,Patellofemoral OA,0.4,0.0,negative,Intact patellar cartilage,"{
  ""status"": ""negative"",
  ""score"": 0.95,
  ""evidence"": ""Intact patellar cartilage""
}"
1.2.826.0.1.3680043.8.498.86968600239724310678905311244945464037,Effusion,0.95,1.0,positive,Mild to moderate knee joint effusion,"{
  ""status"": ""positive"",
  ""score"": 0.95,
  ""evidence"": ""Mild to moderate knee joint effusion""
}"
1.2.826.0.1.3680043.8.498.86968600239724310678905311244945464037,Synovitis,0.95,1.0,positive,Mild to moderate knee joint effusion,"{
  ""status"": ""positive"",
  ""score"": 0.95,
  ""evidence"": ""Mild to moderate knee joint effusion""
}"
1.2.826.0.1.3680043.8.498.86968600239724310678905311244945464037,Baker's,0.4,0.0,negative,"The report does not mention a Baker cyst or popliteal cyst. The findings include a complete ACL tear, medial meniscus tear, joint effusion, and bone marrow edema, but none of these are classified as Baker's cyst.","{
  ""status"": ""negative"",
  ""score"": 0.95,
  ""evidence"": ""The report does not mention a Baker cyst or popliteal cyst. The findings include a complete ACL tear, medial meniscus tear, joint effusion, and bone marrow edema, but none of these are classified as Baker's cyst.""
}"
1.2.826.0.1.3680043.8.498.86968600239724310678905311244945464037,Contusion,0.4,0.0,negative,"The report states 'quadriceps & patellar tendons show intact appearance' and 'intact patellar cartilage', but does not mention bone contusion. The findings include bone marrow edema, which is not explicitly equated to contusion.","{
  ""status"": ""negative"",
  ""score"": 0.95,
  ""evidence"": ""The report states 'quadriceps & patellar tendons show intact appearance' and 'intact patellar cartilage', but does not mention bone contusion. The findings include bone marrow edema, which is not explicitly equated to contusion.""
}"
1.2.826.0.1.3680043.8.498.86968600239724310678905311244945464037,Fracture,0.4,0.0,negative,"The medial & lateral collateral ligaments, quadriceps & patellar tendons show intact appearance.","{
  ""status"": ""negative"",
  ""score"": 0.95,
  ""evidence"": ""The medial & lateral collateral ligaments, quadriceps & patellar tendons show intact appearance.""
}"
1.2.826.0.1.3680043.8.498.88077418639301174409926781329613570435,ACL,0.95,1.0,positive,Potpuna ruptura prednjeg križnog ligamenta,"{
  ""status"": ""positive"",
  ""score"": 0.95,
  ""evidence"": ""Potpuna ruptura prednjeg križnog ligamenta""
}"
1.2.826.0.1.3680043.8.498.88077418639301174409926781329613570435,MCL,0.95,1.0,positive,"Medijalni kolateralni ligament je vretenasto zadebljan pri hvatištu na medijalni epikondil femura uz periligamentarni edem, vjerojatno uslijed entezopatskih promjena.","{
  ""status"": ""positive"",
  ""score"": 0.95,
  ""evidence"": ""Medijalni kolateralni ligament je vretenasto zadebljan pri hvatištu na medijalni epikondil femura uz periligamentarni edem, vjerojatno uslijed entezopatskih promjena.""
}"
1.2.826.0.1.3680043.8.498.88077418639301174409926781329613570435,Medial Meniscus,0.95,1.0,positive,"Kompleksna ruptura oba meniska uz obostrano ekstruziju oko 5 mm, oba meniska značajno degenerativno promijenjena.","{
  ""status"": ""positive"",
  ""score"": 0.95,
  ""evidence"": ""Kompleksna ruptura oba meniska uz obostrano ekstruziju oko 5 mm, oba meniska značajno degenerativno promijenjena.""
}"
1.2.826.0.1.3680043.8.498.88077418639301174409926781329613570435,Lateral Meniscus,0.95,1.0,positive,"Kompleksna ruptura oba meniska uz obostrano ekstruziju oko 5 mm, oba meniska značajno degenerativno promijenjena.","{
  ""status"": ""positive"",
  ""score"": 0.95,
  ""evidence"": ""Kompleksna ruptura oba meniska uz obostrano ekstruziju oko 5 mm, oba meniska značajno degenerativno promijenjena.""
}"
1.2.826.0.1.3680043.8.498.88077418639301174409926781329613570435,Medial Femoral Condyle OA,0.95,1.0,positive,Denudacija hrskavice medijalnog kompartmenta FT zgloba,"{
  ""status"": ""positive"",
  ""score"": 0.95,
  ""evidence"": ""Denudacija hrskavice medijalnog kompartmenta FT zgloba""
}"
1.2.826.0.1.3680043.8.498.88077418639301174409926781329613570435,Lateral Femoral Condyle OA,0.95,1.0,positive,denudacija hrskavice medijalnog kompartmenta FT zgloba te fisure i erozije hrskavica lateralnog kompartmenta,"{
  ""status"": ""positive"",
  ""score"": 0.95,
  ""evidence"": ""denudacija hrskavice medijalnog kompartmenta FT zgloba te fisure i erozije hrskavica lateralnog kompartmenta""
}"
1.2.826.0.1.3680043.8.498.88077418639301174409926781329613570435,Patellofemoral OA,0.95,1.0,positive,"Hondromalacija III° obje fasete patele i trohleje femura, uz reduciranu debljinu navedenih hrskavica te opsežne osteofite FP zgloba","{
  ""status"": ""positive"",
  ""score"": 0.95,
  ""evidence"": ""Hondromalacija III° obje fasete patele i trohleje femura, uz reduciranu debljinu navedenih hrskavica te opsežne osteofite FP zgloba""
}"
1.2.826.0.1.3680043.8.498.88077418639301174409926781329613570435,Effusion,0.95,1.0,positive,opsežan zglobni izljev,"{
  ""status"": ""positive"",
  ""score"": 0.95,
  ""evidence"": ""opsežan zglobni izljev""
}"
1.2.826.0.1.3680043.8.498.88077418639301174409926781329613570435,Synovitis,0.4,0.0,negative,Uznapredovale goanrtrotske promjene uz opsežan zglobni izljev i umjerenu proliferaciju sinovije.,"{
  ""status"": ""negative"",
  ""score"": 0.95,
  ""evidence"": ""Uznapredovale goanrtrotske promjene uz opsežan zglobni izljev i umjerenu proliferaciju sinovije.""
}"
1.2.826.0.1.3680043.8.498.88077418639301174409926781329613570435,Baker's,0.95,1.0,positive,Popliteal cyst promjera 5 mm,"{
  ""status"": ""positive"",
  ""score"": 0.95,
  ""evidence"": ""Popliteal cyst promjera 5 mm""
}"
1.2.826.0.1.3680043.8.498.88077418639301174409926781329613570435,Contusion,0.4,0.0,negative,Target-specific evidence is not mentioned in the report.,"{
  ""status"": ""negative"",
  ""score"": 0.95,
  ""evidence"": ""Target-specific evidence is not mentioned in the report.""
}"
1.2.826.0.1.3680043.8.498.88077418639301174409926781329613570435,Fracture,0.95,1.0,positive,Potpuna ruptura prednjeg križnog ligamenta,"{
  ""status"": ""positive"",
  ""score"": 0.95,
  ""evidence"": ""Potpuna ruptura prednjeg križnog ligamenta""
}"
1.2.826.0.1.3680043.8.498.90283565381042081768587894596970552767,ACL,0.4,0.0,negative,"The ACL is not mentioned in the report, and there is no evidence of ACL tear, rupture, disruption, injury, or any direct equivalent. The report discusses other findings but does not address the ACL.","{
  ""status"": ""negative"",
  ""score"": 0.95,
  ""evidence"": ""The ACL is not mentioned in the report, and there is no evidence of ACL tear, rupture, disruption, injury, or any direct equivalent. The report discusses other findings but does not address the ACL.""
}"
1.2.826.0.1.3680043.8.498.90283565381042081768587894596970552767,MCL,0.4,0.0,negative,"The report states 'MCL is intact' in the context of the medial meniscus and other findings, but the explicit mention of 'MCL' is not present. However, the absence of any mention of MCL injury, tear, or disruption, combined with the presence of normal/absent findings for the MCL, supports a negative classification.","{
  ""status"": ""negative"",
  ""score"": 0.95,
  ""evidence"": ""The report states 'MCL is intact' in the context of the medial meniscus and other findings, but the explicit mention of 'MCL' is not present. However, the absence of any mention of MCL injury, tear, or disruption, combined with the presence of normal/absent findings for the MCL, supports a negative classification.""
}"
1.2.826.0.1.3680043.8.498.90283565381042081768587894596970552767,Medial Meniscus,0.4,0.0,negative,Cambios de señal en el menisco interno sin signos de desgarro,"{
  ""status"": ""negative"",
  ""score"": 0.95,
  ""evidence"": ""Cambios de señal en el menisco interno sin signos de desgarro""
}"
1.2.826.0.1.3680043.8.498.90283565381042081768587894596970552767,Lateral Meniscus,0.4,0.0,negative,Cambios de señal en el menisco interno sin signos de desgarro,"{
  ""status"": ""negative"",
  ""score"": 0.95,
  ""evidence"": ""Cambios de señal en el menisco interno sin signos de desgarro""
}"
1.2.826.0.1.3680043.8.498.90283565381042081768587894596970552767,Medial Femoral Condyle OA,0.5,,uncertain,"LLM_ERROR: Could not parse JSON from model output: '{\n  ""status"": ""negative"",\n  ""score"": 0.95,\n  ""evidence"": ""OA femorotibial medial and lateral"" refers to medial femorotibial OA, which is distinct from medial femoral condyle OA. The report does not specifically mention OA of the medial femoral condyle.""\n}'",
1.2.826.0.1.3680043.8.498.90283565381042081768587894596970552767,Lateral Femoral Condyle OA,0.5,,uncertain,"LLM_ERROR: Could not parse JSON from model output: '{\n  ""status"": ""negative"",\n  ""score"": 0.95,\n  ""evidence"": ""OA femorotibial medial y lateral"" indicates that both medial and lateral femorotibial compartments have osteoarthritis, which is explicitly stated and directly relevant to the target of lateral femoral condyle OA. However, the report does not specifically mention any pathology localized to the lateral femoral condyle alone. The mention of ""lateral femorotibial"" refers to the compartment, not the condyle itself. Therefore, the report does not provide evidence for lateral femoral condyle OA as a distinct entity. The report does not mention any pathology specifically localized to the lateral femoral condyle, so the target is not supported.""\n}'",
1.2.826.0.1.3680043.8.498.90283565381042081768587894596970552767,Patellofemoral OA,0.95,1.0,positive,OA patelofemoral,"{
  ""status"": ""positive"",
  ""score"": 0.95,
  ""evidence"": ""OA patelofemoral""
}"
1.2.826.0.1.3680043.8.498.90283565381042081768587894596970552767,Effusion,0.95,1.0,positive,Derrame con sinovitis,"{
  ""status"": ""positive"",
  ""score"": 0.95,
  ""evidence"": ""Derrame con sinovitis""
}"
1.2.826.0.1.3680043.8.498.90283565381042081768587894596970552767,Synovitis,0.95,1.0,positive,Derrame con sinovitis,"{
  ""status"": ""positive"",
  ""score"": 0.95,
  ""evidence"": ""Derrame con sinovitis""
}"
1.2.826.0.1.3680043.8.498.90283565381042081768587894596970552767,Baker's,0.4,0.0,negative,Target-specific evidence is not mentioned in the report.,"{
  ""status"": ""negative"",
  ""score"": 0.95,
  ""evidence"": ""Target-specific evidence is not mentioned in the report.""
}"
1.2.826.0.1.3680043.8.498.90283565381042081768587894596970552767,Contusion,0.4,0.0,negative,Target-specific evidence is not mentioned in the report.,"{
  ""status"": ""negative"",
  ""score"": 0.95,
  ""evidence"": ""Target-specific evidence is not mentioned in the report.""
}"
1.2.826.0.1.3680043.8.498.90283565381042081768587894596970552767,Fracture,0.4,0.0,negative,Target-specific evidence is not mentioned in the report.,"{
  ""status"": ""negative"",
  ""score"": 0.95,
  ""evidence"": ""Target-specific evidence is not mentioned in the report.""
}"
1.2.826.0.1.3680043.8.498.94433753471890306108089557761231739312,ACL,0.4,0.0,negative,Normal ACL,"{
  ""status"": ""negative"",
  ""score"": 0.95,
  ""evidence"": ""Normal ACL""
}"
1.2.826.0.1.3680043.8.498.94433753471890306108089557761231739312,MCL,0.4,0.0,negative,Normal MCL,"{
  ""status"": ""negative"",
  ""score"": 0.95,
  ""evidence"": ""Normal MCL""
}"
1.2.826.0.1.3680043.8.498.94433753471890306108089557761231739312,Medial Meniscus,0.4,0.0,negative,Normal medial and lateral menisci. No evidence of tears.,"{
  ""status"": ""negative"",
  ""score"": 0.95,
  ""evidence"": ""Normal medial and lateral menisci. No evidence of tears.""
}"
1.2.826.0.1.3680043.8.498.94433753471890306108089557761231739312,Lateral Meniscus,0.4,0.0,negative,Normal lateral menisci,"{
  ""status"": ""negative"",
  ""score"": 0.95,
  ""evidence"": ""Normal lateral menisci""
}"
1.2.826.0.1.3680043.8.498.94433753471890306108089557761231739312,Medial Femoral Condyle OA,0.4,0.0,negative,The tibiofemoral and patellofemoral articular cartilage is normal,"{
  ""status"": ""negative"",
  ""score"": 0.95,
  ""evidence"": ""The tibiofemoral and patellofemoral articular cartilage is normal""
}"
1.2.826.0.1.3680043.8.498.94433753471890306108089557761231739312,Lateral Femoral Condyle OA,0.4,0.0,negative,The tibiofemoral and patellofemoral articular cartilage is normal.,"{
  ""status"": ""negative"",
  ""score"": 0.95,
  ""evidence"": ""The tibiofemoral and patellofemoral articular cartilage is normal.""
}"
1.2.826.0.1.3680043.8.498.94433753471890306108089557761231739312,Patellofemoral OA,0.4,0.0,negative,The tibiofemoral and patellofemoral articular cartilage is normal,"{
  ""status"": ""negative"",
  ""score"": 0.95,
  ""evidence"": ""The tibiofemoral and patellofemoral articular cartilage is normal""
}"
1.2.826.0.1.3680043.8.498.94433753471890306108089557761231739312,Effusion,0.4,0.0,negative,No significant knee effusion,"{
  ""status"": ""negative"",
  ""score"": 0.95,
  ""evidence"": ""No significant knee effusion""
}"
1.2.826.0.1.3680043.8.498.94433753471890306108089557761231739312,Synovitis,0.4,0.0,negative,No significant knee effusion,"{
  ""status"": ""negative"",
  ""score"": 0.95,
  ""evidence"": ""No significant knee effusion""
}"
1.2.826.0.1.3680043.8.498.94433753471890306108089557761231739312,Baker's,0.4,0.0,negative,Normal visualized bones and surrounding soft tissues.,"{
  ""status"": ""negative"",
  ""score"": 0.95,
  ""evidence"": ""Normal visualized bones and surrounding soft tissues.""
}"
1.2.826.0.1.3680043.8.498.94433753471890306108089557761231739312,Contusion,0.4,0.0,negative,Normal bones and surrounding soft tissues,"{
  ""status"": ""negative"",
  ""score"": 0.95,
  ""evidence"": ""Normal bones and surrounding soft tissues""
}"
1.2.826.0.1.3680043.8.498.94433753471890306108089557761231739312,Fracture,0.4,0.0,negative,"Normal ACL, PCL, MCL and LCL","{
  ""status"": ""negative"",
  ""score"": 0.95,
  ""evidence"": ""Normal ACL, PCL, MCL and LCL""
}"
1.2.826.0.1.3680043.8.498.97274720257634584071500649275217521662,ACL,0.4,0.0,negative,"The report states 'VKB Ruptur mit wohl ligamentärer Ruptur des anteromedialen Bündels sowie knöchernem Ausriss des posterolateralen Bündels (4/23)' which refers to a previous injury, but does not mention an ACL tear, disruption, or other direct equivalent. The ACL is not specifically discussed or described as abnormal.","{
  ""status"": ""negative"",
  ""score"": 0.95,
  ""evidence"": ""The report states 'VKB Ruptur mit wohl ligamentärer Ruptur des anteromedialen Bündels sowie knöchernem Ausriss des posterolateralen Bündels (4/23)' which refers to a previous injury, but does not mention an ACL tear, disruption, or other direct equivalent. The ACL is not specifically discussed or described as abnormal.""
}"
1.2.826.0.1.3680043.8.498.97274720257634584071500649275217521662,MCL,0.95,1.0,positive,Volkswagen Ruptur mit wohl ligamentärer Ruptur des anteromedialen Bündels,"{
  ""status"": ""positive"",
  ""score"": 0.95,
  ""evidence"": ""Volkswagen Ruptur mit wohl ligamentärer Ruptur des anteromedialen Bündels""
}"
1.2.826.0.1.3680043.8.498.97274720257634584071500649275217521662,Medial Meniscus,0.95,1.0,positive,Innenmeniskus mit horizontalem Riss Pars intermedia bis ins Hinterhorn ziehend bei mukoider Vorschädigung,"{
  ""status"": ""positive"",
  ""score"": 0.95,
  ""evidence"": ""Innenmeniskus mit horizontalem Riss Pars intermedia bis ins Hinterhorn ziehend bei mukoider Vorschädigung""
}"
1.2.826.0.1.3680043.8.498.97274720257634584071500649275217521662,Lateral Meniscus,0.4,0.0,negative,Innenmeniskus mit horizontalem Riss Pars intermedia bis ins Hinterhorn ziehend bei mukoider Vorschädigung,"{
  ""status"": ""negative"",
  ""score"": 0.95,
  ""evidence"": ""Innenmeniskus mit horizontalem Riss Pars intermedia bis ins Hinterhorn ziehend bei mukoider Vorschädigung""
}"
1.2.826.0.1.3680043.8.498.97274720257634584071500649275217521662,Medial Femoral Condyle OA,0.4,0.0,negative,"Zusätzlich noch Knochenödem im medialen femorotibialen Gelenkkompartiment randständig, tibial führend, bei vorrangig Chondropathie","{
  ""status"": ""negative"",
  ""score"": 0.95,
  ""evidence"": ""Zusätzlich noch Knochenödem im medialen femorotibialen Gelenkkompartiment randständig, tibial führend, bei vorrangig Chondropathie""
}"
1.2.826.0.1.3680043.8.498.97274720257634584071500649275217521662,Lateral Femoral Condyle OA,0.4,0.0,negative,no focal chondrosis or chondral injury in the lateral compartment,"{
  ""status"": ""negative"",
  ""score"": 0.95,
  ""evidence"": ""no focal chondrosis or chondral injury in the lateral compartment""
}"
1.2.826.0.1.3680043.8.498.97274720257634584071500649275217521662,Patellofemoral OA,0.85,1.0,positive,"Zusätzlich noch Knochenödem im medialen femorotibialen Gelenkkompartiment randständig, tibial führend, bei vorrangig Chondropathie","{
  ""status"": ""positive"",
  ""score"": 0.85,
  ""evidence"": ""Zusätzlich noch Knochenödem im medialen femorotibialen Gelenkkompartiment randständig, tibial führend, bei vorrangig Chondropathie""
}"
1.2.826.0.1.3680043.8.498.97274720257634584071500649275217521662,Effusion,0.95,1.0,positive,Begleitend geringer Gelenkerguss,"{
  ""status"": ""positive"",
  ""score"": 0.95,
  ""evidence"": ""Begleitend geringer Gelenkerguss""
}"
1.2.826.0.1.3680043.8.498.97274720257634584071500649275217521662,Synovitis,0.95,1.0,positive,Reizsynovialitis,"{
  ""status"": ""positive"",
  ""score"": 0.95,
  ""evidence"": ""Reizsynovialitis""
}"
1.2.826.0.1.3680043.8.498.97274720257634584071500649275217521662,Baker's,0.95,1.0,positive,"gering Flüssigkeit gefüllte Baker-Zyste mit CC 3,2 cm","{
  ""status"": ""positive"",
  ""score"": 0.95,
  ""evidence"": ""gering Flüssigkeit gefüllte Baker-Zyste mit CC 3,2 cm""
}"
1.2.826.0.1.3680043.8.498.97274720257634584071500649275217521662,Contusion,0.95,1.0,positive,"Knochenödem im medialen femorotibialen Gelenkkompartiment randständig, tibial führend, bei vorrangig Chondropathie","{
  ""status"": ""positive"",
  ""score"": 0.95,
  ""evidence"": ""Knochenödem im medialen femorotibialen Gelenkkompartiment randständig, tibial führend, bei vorrangig Chondropathie""
}"
1.2.826.0.1.3680043.8.498.97274720257634584071500649275217521662,Fracture,0.4,0.0,negative,Stigmata der Inaktivitätsosteopenie sowie verbliebenes bone bruise im posterolateralen Tibiaplateau nahe der Eminentia bei subchondraler Impression mit teils punktuell chondralen Läsionen,"{
  ""status"": ""negative"",
  ""score"": 0.95,
  ""evidence"": ""Stigmata der Inaktivitätsosteopenie sowie verbliebenes bone bruise im posterolateralen Tibiaplateau nahe der Eminentia bei subchondraler Impression mit teils punktuell chondralen Läsionen""
}"
